business_id,name,address,city,state,latitude,longitude,stars,review_count,food_type,restaurant_type,country_type,mon,tue,wed,thu,fri,sat,sun
PfOCPjBrlQAnz__NXj9h_w,Brick House Tavern + Tap,581 Howe Ave,Cuyahoga Falls,OH,41.1195346,-81.4756898,3.5,116,Sandwiches;Burgers;,Bars;,American (New);American (Traditional);,11:0-1:0,11:0-1:0,11:0-1:0,11:0-1:0,11:0-1:0,11:0-2:0,11:0-0:0
o9eMRCWt5PkpLDE0gOPtcQ,Messina,Richterstr. 11,Stuttgart,BW,48.7272,9.14795,4,5,,,Italian;,18:0-0:0,18:0-0:0,18:0-0:0,18:0-0:0,18:0-0:0,18:0-0:0,None
EsMcGiZaQuG1OOvL9iUFug,Any Given Sundae,2612 Brandt School Rd,Wexford,PA,40.61510224,-80.09134875,5,15,Coffee & Tea;Ice Cream & Frozen Yogurt;,Coffee & Tea;,,None,None,None,None,None,None,None
XOSRcvtaKc_Q5H1SAzN20A,East Coast Coffee,737 West Pike St,Houston,PA,40.24154801,-80.21281511,4.5,3,Gluten-Free;Coffee & Tea;Food;,Breakfast & Brunch;Coffee & Tea;Restaurants;,,None,None,None,None,None,None,None
xcgFnd-MwkZeO5G2HQ0gAQ,T & T Bakery and Cafe,35 Main Street N,Markham,ON,43.8751774,-79.2601532,4,38,Bakeries;Bagels;,Bakeries;,,None,None,None,None,None,None,None
fNMVV_ZX7CJSDWQGdOM8Nw,Showmars Government Center,600 E 4th St,Charlotte,NC,35.2216474,-80.8393449,3.5,7,,Restaurants;,,7:0-15:0,7:0-15:0,7:0-15:0,7:0-15:0,7:0-15:0,None,None
l09JfMeQ6ynYs5MCJtrcmQ,Alize Catering,2459 Yonge St,Toronto,ON,43.7113993,-79.3993388,3,12,,,Italian;French;,9:0-22:0,9:0-22:0,9:0-22:0,9:0-22:0,9:0-22:0,9:0-22:0,9:0-22:0
Gu-xs3NIQTj3Mj2xYoN2aw,Maxim Bakery & Restaurant,"9665 Bayview Avenue, Unit 1-4",Richmond Hill,ON,43.8675648,-79.4126618,3.5,34,Food;Bakeries;,Bakeries;,French;,11:30-22:0,11:30-22:0,11:30-22:0,11:30-22:0,11:30-23:0,11:0-23:0,11:0-22:0
lHYiCS-y8AFjUitv6MGpxg,Starbucks,85 Hanna Avenue,Toronto,ON,43.63986331,-79.41953319,4,21,Food;,,,5:30-22:0,5:30-22:0,5:30-22:0,5:30-22:0,5:30-23:0,6:0-23:0,7:0-22:0
VSGcuYDV3q-AAZ9ZPq4fBQ,Sportster's,1430 Danforth Avenue,Toronto,ON,43.6828673,-79.3269639,2.5,7,,Bars;,,16:0-2:0,16:0-2:0,16:0-2:0,16:0-2:0,16:0-2:0,16:0-2:0,16:0-2:0
1K4qrnfyzKzGgJPBEcJaNQ,Chula Taberna Mexicana,1058 Gerrard Street E,Toronto,ON,43.6692562,-79.3359022,3.5,39,,Restaurants;,Mexican;,11:30-2:0,11:30-2:0,11:30-2:0,11:30-2:0,11:30-2:0,10:30-2:0,10:30-2:0
AtdXq_gu9NTE5rx4ct_dGg,DAVIDsTEA,10 Dundas Street E,Toronto,ON,43.6567287,-79.3807182,4,6,Coffee & Tea;Food;,Coffee & Tea;,,10:0-21:0,10:0-21:0,10:0-21:0,10:0-21:0,10:0-21:0,9:30-18:0,11:0-18:0
Dj0S-Oe4ytRJzMGUPgYUkw,Panera Bread,38295 Chestnut Ridge Rd,Elyria,OH,41.343078,-82.06714,2,4,Soup;Salad;Sandwiches;,,,6:30-21:0,6:30-21:0,6:30-21:0,6:30-21:0,6:30-22:0,7:0-22:0,7:0-20:0
gAy4LYpsScrj8POnCW6btQ,Toast Cafe,2429 Hwy 160 W,Fort Mill,SC,35.0472868,-80.9905588,3.5,6,Food;Coffee & Tea;,Coffee & Tea;,American (Traditional);,7:0-15:0,7:0-15:0,7:0-15:0,7:0-15:0,7:0-15:0,7:0-15:0,7:0-15:0
nbhBRhZtdaZmMMeb2i02pg,Sunnyside Grill,2777 Steeles Avenue W,Toronto,ON,43.7818155,-79.4904331,5,3,,Restaurants;,,7:0-15:0,7:0-15:0,7:0-15:0,7:0-15:0,7:0-15:0,7:0-15:0,7:0-15:0
1_3nOM7s9WqnJWTNu2-i8Q,Le Bistro Balmoral,305 Rue Sainte-Catherine O,Montreal,QC,45.50677221,-73.56672497,3,8,,Restaurants;,French;,11:30-14:0,17:0-21:30,17:0-21:30,17:0-21:30,17:0-21:30,16:30-21:30,None
FXHfcFVEfI1vVngW2gVOpw,Bampot House of Tea & Board Games,201 Harbord Street,Toronto,ON,43.66158168,-79.40887846,4,55,Coffee & Tea;Food;,Coffee & Tea;Restaurants;,Mediterranean;,17:0-23:0,11:0-23:0,11:0-23:0,11:0-23:0,12:0-1:30,12:0-1:30,12:0-23:0
tRVx2c89coruPRwYhGTcTw,Yuzu,13603 Madison Ave,Lakewood,OH,41.4768463,-81.7869709,3.5,78,Comfort Food;,Izakaya;Cocktail Bars;Bars;Restaurants;Gastropubs;,Asian Fusion;Japanese;,12:0-2:0,12:0-2:0,12:0-2:0,12:0-2:0,12:0-2:0,11:0-2:0,None
zjySmTfL9WiMDVgp8-Jp3w,TCBY,"610 Jetton St, Ste 130",Davidson,NC,35.5012273,-80.8609494,3.5,3,Desserts;Ice Cream & Frozen Yogurt;,,,None,None,None,None,None,None,None
BnuzcebyB1AfxH0kjNWqSg,Carrabba's Italian Grill,245 Lancaster Ave,Frazer,PA,40.04100253,-75.54249651,3.5,25,,Restaurants;,Italian;,16:0-22:0,16:0-22:0,16:0-22:0,16:0-22:0,11:0-23:0,11:0-23:0,11:0-21:0
rDMptJYWtnMhpQu_rRXHng,McDonald's,719 E Thunderbird Rd,Phoenix,AZ,33.6070702,-112.0643825,1,10,Fast Food;Burgers;,Fast Food;,,None,None,None,None,None,None,None
1WBkAuQg81kokZIPMpn9Zg,Charr An American Burger Bar,"777 E Thunderbird Rd, Ste 107",Phoenix,AZ,33.60731,-112.063404,3,232,Burgers;,,,11:0-22:0,11:0-22:0,11:0-22:0,11:0-22:0,11:0-23:0,11:0-23:0,11:0-21:0
#NAME?,Restaurant Lucca,12 Rue Dante,Montréal,QC,45.5328965,-73.6136037,4.5,11,,,Italian;,None,None,None,None,None,None,None
Pd52CjgyEU3Rb8co6QfTPw,Flight Deck Bar & Grill,6730 S Las Vegas Blvd,Las Vegas,NV,36.0669136,-115.1708484,4,13,Barbeque;,Bars;Barbeque;,American (New);,8:30-22:30,8:30-22:30,8:30-22:30,8:30-22:30,8:30-22:30,8:30-22:30,8:30-22:30
4srfPk1s8nlm1YusyDUbjg,Subway,"6889 S Eastern Ave, Ste 101",Las Vegas,NV,36.0646523,-115.1189541,2.5,6,Fast Food;,Fast Food;Restaurants;,,None,None,None,None,None,None,None
n7V4cD-KqqE3OXk0irJTyA,GameWorks,"6587 Las Vegas Blvd S, Ste 171",Las Vegas,NV,36.06825852,-115.1788768,3,349,,Gastropubs;Restaurants;,,11:0-0:0,11:0-0:0,11:0-0:0,11:0-0:0,11:0-1:0,11:0-1:0,11:0-0:0
c_XbaJqhm-5ycSBOkVUBmg,Don Taco,"1855 Rue Saint Catherine Ouest, H3H 1M2",Montreal,QC,45.4932164,-73.5803794,3.5,33,,Restaurants;,,11:30-22:0,11:30-22:0,11:30-22:0,11:30-22:0,11:30-22:0,11:30-22:0,11:30-21:0
spDZkD6cp0JUUm6ghIWHzA,Kitchen M,8515 McCowan Road,Markham,ON,43.867918,-79.2836865,3,80,,Restaurants;,,9:0-22:0,9:0-22:0,9:0-22:0,9:0-22:0,9:0-22:0,9:0-22:0,9:0-22:0
MmR06_kNAbmOPK-0pKvGtA,Cinnabon,4300 Meadows Ln,Las Vegas,NV,36.1725319,-115.197258,4,3,Food;Coffee & Tea;,Coffee & Tea;,,None,None,None,None,None,None,None
EJFdWX908N8Yc2XG0Lky8A,River Moon Cafe,104 43rd St,Pittsburgh,PA,40.472735,-79.9632647,4,5,,Cafes;,,None,17:0-21:30,17:0-21:30,17:0-21:30,17:0-21:30,17:0-21:30,None
F31RycVVooeIOp9jsXmg6g,The Bluebird Cafe,5 Canonmills,Edinburgh,MLN,55.9624442,-3.1976623,4.5,16,,Breakfast & Brunch;Diners;Restaurants;Cafes;,,6:0-16:0,6:0-16:0,6:0-16:0,6:0-16:0,6:0-16:0,8:0-17:0,8:0-17:0
0lCpaZpmjCFEmtti9O9ZdQ,LaPuma Bakery,12656 Chillicothe Rd,Chesterland,OH,41.5242686,-81.3379626,3.5,3,Bakeries;,Bakeries;,,None,None,None,None,None,None,None
iPa__LOhse-hobC2Xmp-Kw,McDonald's,1635 E Camelback Rd,Phoenix,AZ,33.5087649,-112.04624,3,34,Burgers;,Restaurants;,,5:0-23:0,5:0-23:0,5:0-23:0,5:0-23:0,5:0-23:0,5:0-23:0,5:0-23:0
o1fTwfqN0sDFNpV1CkOPPg,Crazy Mocha Coffee,4032 Butler St,Pittsburgh,PA,40.4692949,-79.9612733,3.5,16,Sandwiches;Coffee & Tea;,Restaurants;Coffee & Tea;,,7:0-21:0,7:0-21:0,7:0-21:0,7:0-21:0,7:0-21:0,8:0-21:0,9:0-21:0
#NAME?,Bruegger's Bagels,5217 Clairton Blvd,Pittsburgh,PA,40.3441937,-79.970963,2.5,5,Bagels;Bakeries;Sandwiches;,Breakfast & Brunch;Restaurants;Bakeries;,,5:30-17:0,5:30-17:0,5:30-17:0,5:30-17:0,5:30-17:0,6:0-16:0,6:0-16:0
kKx8iCJkomVQBdWHnmmOiA,Little Caesars Pizza,10720 E Southern Ave,Mesa,AZ,33.3948766,-111.6001938,2.5,4,,Restaurants;,,None,None,None,None,None,None,None
B5EZlEDH6AVDk8tQGHAGqg,Villa Tap,2302 Packers Ave,Madison,WI,43.1233893,-89.3553901,4,34,,Restaurants;,American (Traditional);,11:0-2:0,11:0-2:0,11:0-2:0,11:0-2:0,11:0-2:30,10:0-2:30,10:0-17:0
NoxzrJbWS4xD9ft0ygD3JA,The Brink Lounge,"701 E Washington Ave, Ste 105",Madison,WI,43.0798171,-89.3762962,3.5,30,,Lounges;,,None,16:0-14:30,16:0-14:30,16:0-14:30,16:0-14:30,16:0-14:30,None
VXH7zXcZzXlmAVN8GSjGRQ,Thai Express,4700 Keele Street,Toronto,ON,43.77487768,-79.49461873,3,5,Specialty Food;Ethnic Food;Food;,Ethnic Food;,Thai;,10:0-23:0,10:0-23:0,10:0-23:0,10:0-23:0,10:0-23:0,11:0-22:0,11:0-22:0
YhV93k9uiMdr3FlV4FHjwA,Caviness Studio,,Phoenix,AZ,33.4499672,-112.0702225,5,4,Pizza;,Restaurants;,,8:0-17:0,8:0-17:0,8:0-17:0,8:0-17:0,8:0-17:0,9:0-15:0,None
aFBCmJUYrPeol_P75QX7Jw,Fraticelli's Authentic Italian Grill,10 Vogell Road,Richmond Hill,ON,43.86433338,-79.38241086,3,88,,Restaurants;,,11:30-23:0,11:30-23:0,11:30-23:0,11:30-23:0,11:30-0:0,16:0-0:0,16:0-23:0
F0fEKpTk7gAmuSFI0KW1eQ,Cafe Mastrioni,"4250 S Rainbow Blvd, Ste 1007",Las Vegas,NV,36.1110572,-115.2416881,1.5,3,,,Italian;,None,None,None,None,None,None,None
YvxQOMstU2MVDr2uNHs_vw,Mitchell's Ice Cream - Solon Shop,6130 Kruse Dr,Solon,OH,41.392049,-81.4426351,4.5,42,Ice Cream & Frozen Yogurt;,,,11:0-23:0,11:0-23:0,11:0-23:0,11:0-23:0,11:0-23:0,11:0-23:0,11:0-23:0
dTWfATVrBfKj7Vdn0qWVWg,Flavor Cuisine,8 Glen Watford Drive,Toronto,ON,43.7870613,-79.2761657,3,6,,Restaurants;,Chinese;,11:0-21:0,None,11:0-21:0,11:0-21:0,11:0-21:0,11:0-21:0,11:0-21:0
HAX1zec191t7QkT2sBZ76A,La Isla Cuban Restaurant,"1816 Galerea Blvd, Ste D",Charlotte,NC,35.137223,-80.734594,3,4,,Restaurants;,,None,None,None,None,None,None,None
VdlPZg2NAu8t8GkdbPLecg,Tandoori Times Indian Bistro,"8140 N Hayden Rd, Ste H115",Scottsdale,AZ,33.55521186,-111.9004563,3.5,263,Gluten-Free;,Restaurants;,Indian;,None,17:0-22:0,17:0-22:0,17:0-22:0,17:0-22:0,17:0-22:0,17:0-22:0
c7X2SdKxVJMaOnFROO8WEg,Finga Lickin' Caribbean Eatery,2838 The Plz,Charlotte,NC,35.236823,-80.801084,4.5,21,Pizza;Food;,Restaurants;,,11:30-21:0,11:30-21:0,11:30-21:0,11:30-21:0,11:30-21:0,11:30-21:0,None
1nhf9BPXOBFBkbRkpsFaxA,Mirage Grill & Lounge,117 Eglinton Avenue E,Toronto,ON,43.7074649,-79.3942852,2,6,Food;Coffee & Tea;,Breakfast & Brunch;Coffee & Tea;,Canadian (New);,17:0-23:0,17:0-23:0,17:0-23:0,17:0-23:0,17:0-2:0,11:0-2:0,11:0-23:0
QkG3KUXwqZBW18A9k1xqCA,Red Lobster,2810 North 75th Ave,Phoenix,AZ,33.4787353,-112.2213794,2.5,37,,Restaurants;,American (Traditional);,11:0-22:0,11:0-22:0,11:0-22:0,11:0-22:0,11:0-23:0,11:0-23:0,11:0-22:0
d2HSFutxpaYsCPglJPRe1Q,Winchell's Donut House,4700 Meadows Ln,Las Vegas,NV,36.17131272,-115.2053163,4,13,Food;,,,None,None,None,None,None,None,None
sJ0MYSAIVK28cMzh-s-NPA,Amaya Express,"Eaton Centre, 220 Yonge St",Toronto,ON,43.6540667,-79.3800815,2.5,34,,Restaurants;,Indian;,None,None,None,None,None,None,None
gIVjdDWRnS1yDVpPF3oUeg,Pizza Pizza,7665 Kennedy Road,Markham,ON,43.841217,-79.303936,4,8,Chicken Wings;Fast Food;,Fast Food;Restaurants;,Italian;,11:0-2:0,11:0-2:0,11:0-2:0,11:0-3:0,11:0-3:0,11:0-3:0,11:0-2:0
veXxt8rGY_RJPpA5QkHT9Q,Barrio,2466 Fairmount Blvd,Cleveland Heights,OH,41.5005856,-81.5922779,3.5,97,Food;Tacos;Food Trucks;,Restaurants;Tacos;,,16:0-1:0,16:0-1:0,16:0-1:0,16:0-1:0,11:0-1:0,11:0-1:0,11:0-1:0
T5CdfrZWw-uW9Y5L_sddqQ,Police Station Pizza,7235 Steubenville Pike,Oakdale,PA,40.4428283,-80.1862933,3,9,Pizza;,,,11:0-21:0,11:0-21:0,11:0-22:0,11:0-22:0,11:0-22:0,12:0-22:0,None
5XejqzaFmtkZMstJS5Iy-w,D'Lish Cafe,503 W Thomas Rd,Phoenix,AZ,33.4803014,-112.0805864,4,37,Sandwiches;Salad;,Restaurants;,American (New);,10:0-15:0,10:0-15:0,10:0-15:0,10:0-15:0,10:0-15:0,10:0-15:0,10:0-15:0
Wpt0sFHcPtV5MO9He7yMKQ,McDonald's,3020 E Desert Inn Rd,Las Vegas,NV,36.1300128,-115.10931,2,20,Fast Food;,Restaurants;Fast Food;,,0:0-0:0,0:0-0:0,0:0-0:0,0:0-0:0,0:0-0:0,0:0-0:0,0:0-0:0
WUiDaFQRZ8wKYGLvmjFjAw,China Buffet,8630 University Executive Park Dr,Charlotte,NC,35.306173,-80.752672,3.5,76,Buffets;Sushi Bars;,Restaurants;,,11:0-21:30,11:0-21:30,11:0-21:30,11:0-21:30,11:0-22:30,11:0-22:30,11:0-21:30
nAFI7JZEhmvUKMKSA_5Chg,Nesenbach,Dorotheenstr. 6,Stuttgart,BW,48.77545255,9.180737025,2.5,7,,Cafes;Wine Bars;Bars;,,8:0-1:0,8:0-1:0,8:0-1:0,8:0-3:0,8:0-3:0,8:0-3:0,9:0-23:0
5q6Xh-UcJa78bp6dzyaE7w,Duck Donuts,"1710 Kenilworth Ave, Ste 220",Charlotte,NC,35.2026242,-80.8444191,4.5,373,Food;Coffee & Tea;Donuts;,Breakfast & Brunch;Coffee & Tea;,,6:0-15:0,6:0-15:0,6:0-19:0,6:0-19:0,6:0-19:0,6:0-19:0,6:0-15:0
MTH-AcNyWfsBa9sXp04HcQ,Firehouse Subs,"3420 E Baseline Rd, Ste 101",Mesa,AZ,33.3796209,-111.7571603,3.5,82,Food;Delis;Fast Food;Sandwiches;,Fast Food;,,10:0-21:0,10:0-21:0,10:0-21:0,10:0-21:0,10:0-22:0,10:0-22:0,10:0-21:0
nigYwB_m1TQ1WosjSWi-Hw,Simply Burgers,1455 W Elliot Rd,Gilbert,AZ,33.3496582,-111.8212381,3,5,Burgers;,,,None,None,None,None,None,None,None
W1Yr6c2XDx_RBjb6WsV-aQ,Divine Cafe at the Springs Preserve,333 S Valley View Blvd,Las Vegas,NV,36.1707065,-115.1902885,4,140,,Restaurants;Cafes;Bars;,American (New);,11:0-15:0,11:0-15:0,11:0-15:0,16:0-20:0,11:0-15:0,10:0-16:0,10:0-16:0
SJAggfn8ta7XLD98XD2mkw,QDC Burger,975 Boulevard Roméo-Vachon Nord,Dorval,QC,45.45726367,-73.75158357,3,11,Burgers;Fast Food;,Fast Food;,,None,None,None,None,None,None,None
AR6mrWO89rq-ku_t_E71AA,Munchie Delivery,111 N Broom St,Madison,WI,43.0727667,-89.3901614,3.5,7,Desserts;Food;,,,18:0-3:0,18:0-3:0,18:0-3:0,18:0-3:0,18:0-3:0,18:0-3:0,18:0-3:0
KX_4sldJKgkEWaYVfSWjwQ,Mint Garden,17830 Leslie Street,Newmarket,ON,44.0737956,-79.43443391,3.5,11,Food;,Restaurants;,,None,None,None,None,None,None,None
vzx1WdVivFsaN4QYrez2rw,Subway,5111 Boulder Hwy,Las Vegas,NV,36.1128952,-115.0623534,3,3,Sandwiches;,Restaurants;,,8:0-0:0,8:0-0:0,8:0-0:0,8:0-0:0,8:0-0:0,8:0-0:0,8:0-0:0
#NAME?,Restaurant Plenum,Konrad-Adenauer-Str. 3,Stuttgart,BW,48.7787468,9.1835106,3.5,15,Coffee & Tea;,Restaurants;Coffee & Tea;Cafes;,German;,11:0-0:0,11:0-0:0,11:0-0:0,11:0-0:0,11:0-0:0,11:0-0:0,11:0-0:0
y7g-pgAFx37vKytP5oRD0Q,Bakery King,2833 N Green Valley Pkwy,Henderson,NV,36.07182695,-115.0825006,3.5,18,Food;Bakeries;,Bakeries;,,None,8:0-14:0,8:0-14:0,8:0-14:0,8:0-14:0,8:0-14:0,None
aWnASLfWj1G6ptH4SR5RRA,Rocky Mountain Chocolate Factory,"9795 W Charleston Blvd, Ste 101",Las Vegas,NV,36.15848404,-115.3111854,2,3,Desserts;Specialty Food;,,,11:0-23:0,11:0-23:0,11:0-23:0,11:0-23:0,11:0-0:0,11:0-0:0,11:0-23:0
PJ-VbAtIOso1dqd2frQqqg,Donut Tyme,4268 E Charleston Blvd,Las Vegas,NV,36.15932754,-115.0821787,4.5,76,Donuts;,,,0:0-0:0,0:0-0:0,0:0-0:0,0:0-0:0,0:0-0:0,0:0-0:0,0:0-0:0
JmKgz6n7zn24F-WkgT-kiA,Maki My Way,7 King Street E,Toronto,ON,43.6491517,-79.37749475,4.5,7,Sushi Bars;,Restaurants;,Japanese;,11:0-20:0,11:0-20:0,11:0-20:0,11:0-20:0,11:0-20:0,11:0-20:0,None
mtTxLi9CZNOsDqOTJH3pQw,Felicitea,"516 E 15th St, Ste 11D",Charlotte,NC,35.2328829,-80.8256098,3,4,Food;Coffee & Tea;,Coffee & Tea;,,None,None,None,None,None,None,None
zV_aclADLjx2KOql9F_FTw,Crepe Cafe,"313 E Green St, Ste 5",Champaign,IL,40.109986,-88.233777,3,4,,Restaurants;,,None,None,None,None,None,None,None
yh-NN-dCaxxleNcI-_bsUA,El Dorado's,1331 S Water St,Kent,OH,41.1416311,-81.3566025,2.5,7,Pizza;,,,None,None,None,None,None,None,None
bA21m-qbgN_GNR6g-AlfYw,Dynasty Buffett,2932 E Franklin Blvd,Gastonia,NC,35.2627353,-81.125895,3.5,30,,Restaurants;,,10:45-21:30,10:45-21:45,10:45-21:45,10:45-21:45,10:45-22:30,10:30-22:30,10:45-22:30
xMP2oDrKFqyUrN0Uww85EQ,Dockside Seafood Market,3017 Kilborne Dr,Charlotte,NC,35.214618,-80.770211,4.5,3,Food;,,,None,None,None,None,None,None,None
pOyt4Fon5n783Jc-hrSq-A,Apple Wellness - Fitchburg Health Store,6313 McKee Rd,Fitchburg,WI,43.0153668,-89.4816815,4.5,14,Food;Specialty Food;,,,10:0-19:0,10:0-19:0,10:0-19:0,10:0-19:0,10:0-19:0,10:0-18:0,None
d7AtQMYDUh40DeJinidFNQ,2 Cochons,7387 Boulevard Saint-Michel,Montréal,QC,45.5602837,-73.6010215,3.5,3,Sandwiches;Food;,Restaurants;Delicatessen;,Asian Fusion;,9:0-21:0,9:0-21:0,9:0-21:0,9:0-21:0,9:0-21:0,9:0-21:0,9:0-21:0
z1hRMOmEvw7jx4cq4-8Yfw,La P'tite Cabane d'la Côte,5885 Route Arthur-Sauvé,Mirabel,QC,45.6561756,-74.1571917,3.5,6,Food;,Local Flavor;Restaurants;,Canadian (New);,None,None,None,None,None,None,None
UlI0TksGFiIXtcbtg2KalQ,Mi Pho Song Vu,2109 Jane Street,North York,ON,43.7184236,-79.5079286,2.5,38,,Restaurants;,Thai;Vietnamese;,8:0-1:0,8:0-1:0,8:0-1:0,8:0-1:0,8:0-1:0,8:0-1:0,8:0-0:0
Uy3_5nLo3sYkAuSX6mjdmg,Geebee's Bar & Grill,8560 Las Vegas Blvd S,Las Vegas,NV,36.0342435,-115.1714093,4.5,33,,Restaurants;,,None,None,None,None,None,None,None
mLP-jIIRdoaYM7fJqqFurw,Napoli Pizzeria,2006 Murray Ave,Pittsburgh,PA,40.434399,-79.9229828,4,53,Pizza;,Restaurants;,Italian;,11:0-23:0,11:0-23:0,11:0-23:0,11:0-23:0,11:0-0:0,11:0-0:0,11:0-23:0
GDOAg680Gmi6S1MlhU7B1g,Taco Bell,4110 Lee Road,Cleveland,OH,41.447893,-81.564678,2,5,,Restaurants;,Mexican;Tex-Mex;,7:0-3:0,7:0-3:0,7:0-3:0,7:0-3:0,7:0-4:0,7:0-4:0,7:0-3:0
2v-8QQfMLX2PCz-0S6gISQ,Papa John's Pizza,3441 W Northern Ave,Phoenix,AZ,33.5528695,-112.1337118,2.5,7,Pizza;,Restaurants;,,10:30-0:0,10:30-0:0,10:30-0:0,10:30-0:0,10:30-2:0,10:30-2:0,10:30-0:0
t8yi2l7pZF43Rlf9_lHdDA,Hero Certified Burgers - King & Yonge,79A Yonge Street,Toronto,ON,43.6495217,-79.3779103,2.5,29,Burgers;,,,11:0-22:0,11:0-23:0,11:0-23:0,11:0-23:0,11:0-0:0,12:0-0:0,0:0-21:0
AXb5gCwqHl-_v6ZIMb1mXQ,Sheraton Great Valley Hotel,707 E Lancaster Ave,Frazer,PA,40.0339411,-75.5818949,3,43,,Restaurants;,American (New);,None,None,None,None,None,None,None
5GAXZ7gJ81TSR0-Q6AMp_A,Via Panini,90 Edgeley Boulevard,Vaughan,ON,43.79646041,-79.53320547,4,7,,,Italian;,10:30-18:0,10:30-18:0,10:30-18:0,10:30-19:0,10:30-19:0,11:0-17:0,None
kyXEnWKQGWSThY6EcjORuw,Zorba's Restaurant,627 E Green St,Champaign,IL,40.110085,-88.229304,4,109,Salad;,Restaurants;,Greek;,11:0-22:0,11:0-22:0,11:0-22:0,11:0-22:0,11:0-22:0,11:0-22:0,11:0-22:0
M3uV9Y3EDSpy9d4YwyNSAQ,Yakiramen,10605 N 43rd Ave,Phoenix,AZ,33.5823628,-112.1498845,4,66,Ramen;,Ramen;Restaurants;,Japanese;,None,16:0-23:0,16:0-23:0,16:0-23:0,16:0-0:0,16:0-0:0,16:0-23:0
1cLXGXThDYZ5WK_KpBLtkw,Koko Bakery,3710 Payne Ave,Cleveland,OH,41.5094078,-81.6621618,4,167,Bakeries;Coffee & Tea;Bubble Tea;,Bakeries;Coffee & Tea;,,9:0-20:0,None,9:0-20:0,9:0-20:0,9:0-20:0,9:0-20:0,9:0-20:0
nSD-uxCMb745bH3dxoko9Q,Taco Bell,2453 HWY 160,Tega Cay,SC,35.04967,-80.99063,4,13,,Restaurants;,Tex-Mex;Mexican;,7:0-1:30,7:0-1:30,7:0-1:30,7:0-1:30,7:0-2:30,7:0-2:30,7:0-1:30
2eU7ltXoQ2U7SyLhuY9Vxw,Fueled Espresso and Freshbar,739 Ossington Avenue,Toronto,ON,43.6623625,-79.4256786,3.5,9,,Juice Bars & Smoothies;,,None,11:0-19:0,11:0-19:0,11:0-19:0,11:0-19:0,11:0-19:0,11:0-19:0
vMO2vNyWLuxumso7t3rbYw,Pablo's Grill It Up,300 Borough Drive,Scarborough,ON,43.7761459,-79.2576385,4,5,,Food Court;Restaurants;,,None,None,None,None,None,None,None
DVaTciFGcCXLHTufHZM4_A,Big Bang - Dueling Piano Bar,"501 S Mill Ave, Ste B-101",Tempe,AZ,33.42526598,-111.9397736,4,161,,Lounges;Bars;,,None,None,20:0-2:0,20:0-2:0,19:0-2:0,19:0-2:0,None
NOHh2pgOTUBqp82IQlRQMQ,Panagio's All Day Grill,1928 McCowan Road,Scarborough,ON,43.7929785,-79.2602761,3.5,110,,Restaurants;,Canadian (New);,9:0-16:0,7:0-16:0,7:0-16:0,7:0-16:0,7:0-16:0,7:0-16:0,7:0-16:0
Qv0OEziLJwyAqcgtrTsA4w,Luke's Of Chicago,15223 N Northsight Blvd,Scottsdale,AZ,33.62282995,-111.89219,3.5,50,Sandwiches;,Restaurants;,Italian;,10:0-20:0,10:0-20:0,10:0-20:0,10:0-20:0,10:0-20:0,10:0-20:0,11:0-18:0
aD4qhONCE5catMdQC4sqwg,Reginos Pizza,3331 Danforth Avenue,Scarborough,ON,43.68683624,-79.29383778,3.5,10,,Restaurants;,,11:0-0:0,11:0-0:0,11:0-0:0,11:0-0:0,11:0-1:0,11:0-1:0,11:0-0:0
e4-Clr5QT4l3Rf9R7tQ5aQ,Fresh & Easy,1209 E Bell Rd,Phoenix,AZ,33.6396146,-112.0561959,4,25,Bakeries;,Bakeries;,,0:0-0:0,0:0-0:0,0:0-0:0,0:0-0:0,0:0-0:0,0:0-0:0,0:0-0:0
akRtfcCezswizRIaAqJ4fQ,KFC,25467 Detroit Avenue,Westlake,OH,41.47,-81.9014,2,9,Chicken Wings;,Restaurants;,,10:30-23:0,10:30-23:0,10:30-23:0,10:30-23:0,10:30-0:0,10:30-0:0,10:30-23:0
N_W4JlpCw02VPSf5Mrxwqg,Dunkin' Donuts,607 E Green St,Champaign,IL,40.1101065,-88.2299909,4,7,Food;Donuts;,,,5:30-22:0,5:30-22:0,5:30-22:0,5:30-22:0,5:30-22:0,5:30-22:0,6:0-22:0
5BjhQ_Tmm9ppK4UGrMr09g,Montreal Delicatessen & Family Restaurant,2055 Dundas Street E,Mississauga,ON,43.623867,-79.5693346,4,43,Sandwiches;,Restaurants;,,8:0-20:0,8:0-21:0,8:0-21:0,8:0-21:0,8:0-21:0,8:0-21:0,8:0-20:0
XguKrY0dAuaK1W6HUlUQ1Q,Retz's Laconi's II,547 Sackett Ave,Cuyahoga Falls,OH,41.1312823,-81.4901798,3.5,29,,Restaurants;,Italian;,12:0-22:0,12:0-23:0,12:0-23:0,12:0-22:0,12:0-23:0,12:0-23:0,12:0-21:0
Rh2smrKvcamnP8VBUgMI0Q,Dim Sum King Seafood Restaurant,"421 Dundas St W, 3rd Fl",Toronto,ON,43.653324,-79.395372,3.5,165,,Restaurants;,Chinese;,9:0-22:0,9:0-22:0,9:0-22:0,9:0-22:0,9:0-22:0,9:0-22:0,9:0-22:0
Svs-B-a5-13D2dGTKxLsyw,Mr Chicken,11680 Snow Rd,Cleveland,OH,41.4050396,-81.7683865,3,4,,Restaurants;,,None,None,None,None,None,None,None
O_UC_izJXcAmkm6HlEyGSA,Playa Cabana,111 Dupont Street,Toronto,ON,43.67595777,-79.40118402,4,363,,Restaurants;,Mexican;,12:0-23:0,12:0-23:0,12:0-23:0,12:0-23:0,12:0-23:0,12:0-23:0,12:0-23:0
_ltkVUDwaI0MTxv8g21k1A,Manchu Wok,3035 Boulevard Le carrefour,Laval,QC,45.57119137,-73.75506389,3,3,Fast Food;,Fast Food;Restaurants;,,10:0-21:0,10:0-21:0,10:0-21:0,10:0-21:0,10:0-21:0,9:0-17:0,10:0-17:0
by_hdCLqAMHW8EEfPYjktA,Vital Lunch,Tübinger Str. 22,Stuttgart,BW,48.7716,9.17372,3,6,Food;Fast Food;,Restaurants;Fast Food;,French;,None,None,None,None,None,None,None
6PwKC0dqP9uI85FEP86iPQ,Red Viet Cuisine - Sushi,"5221 S Power Rd, Ste 104",MESA,AZ,33.32106858,-111.6851718,3.5,164,Sushi Bars;,Restaurants;,Japanese;Asian Fusion;,11:0-21:0,11:0-21:0,11:0-21:0,11:0-21:0,11:0-21:0,11:0-21:0,11:0-21:0
WZdHNL9F0VWPRGLf1GQcbA,Steak 'n Shake,2656 E Franklin Blvd,Gastonia,NC,35.26061868,-81.13057778,2.5,28,Fast Food;Burgers;,Fast Food;Restaurants;Breakfast & Brunch;,,6:0-0:0,6:0-0:0,6:0-0:0,6:0-0:0,6:0-0:0,0:0-0:0,0:0-0:0
dfeT_kmoO388KzyVv0Styg,Tutti Frutti,"1500 Elgin Mills Road E, Unit 106",Richmond Hill,ON,43.8989497,-79.3955067,4,5,Food;,,,12:0-21:0,12:0-21:0,12:0-21:0,12:0-21:0,12:0-22:0,11:0-22:0,11:0-21:0
GlZMZrA-whyu1INVXcvRnw,"Al Wilhelmy Flowers, Inc.",412 Superior Ave,Cleveland,OH,41.5008098,-81.6912682,4,3,Fruits & Veggies;Specialty Food;Food;,,,9:0-17:0,9:0-17:0,9:0-17:0,9:0-17:0,9:0-17:0,9:0-17:0,None
ww_MXl-qDLeYdYTZZ9KWbA,Pho Linh,1156 College Street W,Toronto,ON,43.652368,-79.4340771,4,162,,,Vietnamese;,10:0-21:0,10:0-21:0,10:0-21:0,10:0-21:0,10:0-22:0,10:0-22:0,10:0-21:0
d4GBb0eVWVdfL5aJx3UCRg,Casual Water,"Tega Cay Golf Club, 15083 Molokai Dr",Tega Cay,SC,35.024312,-81.0278546,3.5,23,Sushi Bars;,Restaurants;,American (Traditional);,22:0-22:0,22:0-22:0,22:0-22:0,22:0-22:0,22:0-22:0,22:0-22:0,22:0-22:0
Qs7X8UTwtp9SvtxvEP4hLg,Fine Wine & Good Spirits - Premium Collection,"The Water Works, 974 Freeport Rd",Pittsburgh,PA,40.48869359,-79.89080975,5,7,Beer;,,,9:0-22:0,9:0-22:0,9:0-22:0,9:0-22:0,9:0-22:0,9:0-22:0,11:0-19:0
Mmh4w2g2bSAkdSAFd_MH_g,Red Bowl,845 Stockbridge Dr,Fort Mill,SC,35.0630611,-80.9937419,3,77,,Restaurants;,,None,None,None,None,None,None,None
lBNPDcSvmUbq7W69HvmRTA,Pizza Hut,550 Butler St,Etna,PA,40.500796,-79.943429,1.5,15,Pizza;Chicken Wings;,,Italian;,None,None,None,None,None,None,None
i8BUEXriiKa-RmOImgbqaQ,Philemon Bar,111 Rue Saint Paul Ouest,Montréal,QC,45.50522655,-73.55408907,3.5,48,,Bars;Wine Bars;,,17:0-3:0,17:0-3:0,17:0-3:0,16:0-3:0,16:0-3:0,16:0-3:0,18:0-3:0
U1ZVgF-kfkvv_rcoe0RglQ,Pho Noodles,3417 N 7th Ave,Phoenix,AZ,33.4887595,-112.0824018,4.5,172,Noodles;,Restaurants;,,9:0-20:30,9:0-20:30,9:0-20:30,9:0-20:30,9:0-20:30,9:0-20:30,9:0-20:0
FfI9FOaQqzUxixw6_glt3Q,Affinito's Bistro,"3655 W Anthem Way, Ste C-137",Phoenix,AZ,33.8649643,-112.1388202,3,6,,Restaurants;,,None,16:0-21:0,16:0-21:0,16:0-21:0,11:0-22:0,11:0-22:0,11:0-21:0
3b4efqz06QrLQ_w2xLc4pA,Olive Garden Italian Restaurant,10223 N Metro Parkway E,Phoenix,AZ,33.5803023,-112.1196529,3,40,,Restaurants;,,None,None,None,None,None,None,None
dPxZI9lrKTl5dvFfnb1_Ig,Trattoria Italia,"9905 S Eastern Ave, Ste 140",Las Vegas,NV,36.0100856,-115.1186563,4.5,210,Seafood;Pizza;,,Italian;,11:0-21:0,11:0-21:0,11:0-21:0,11:0-21:0,11:0-22:0,11:0-22:0,11:0-21:0
LrYSnxLKarkzeNHqq50r-A,Truscott Italian Bakery & Delicatessen,2425 Truscott Dr,Mississauga,ON,43.5125352,-79.6487929,4,22,Food;Delis;Bakeries;,Bakeries;,,None,None,None,None,None,None,None
bviMnO3CdmFE1btUGlXc-w,Green Post,221 Augusta Avenue,Toronto,ON,43.6542899,-79.4018971,4,4,Food;Specialty Food;,,,10:0-18:0,10:0-18:0,10:0-18:0,10:0-18:0,10:0-18:0,10:0-18:0,12:0-18:0
RAUI7uwpMP6dlcHXkavwHg,Smashburger,5215 W Baseline Rd,Laveen,AZ,33.37648045,-112.171589,3,23,Burgers;,,,10:30-21:30,10:30-21:30,10:30-21:30,10:30-21:30,10:30-22:0,10:30-22:0,10:30-21:30
irYAkavSVtIEyGOsHK-yPw,Palette,1625 N Central Ave,Phoenix,AZ,33.4667324,-112.0727233,3.5,43,Sandwiches;Salad;,,American (New);,None,11:0-15:30,11:0-20:0,11:0-15:30,11:0-15:30,11:0-15:30,12:0-15:30
GsvsUBgE-aYIeiCAenN1gA,Phoenix Tequila Festival,201 E Jefferson St,Phoenix,AZ,33.4460091,-112.0712364,4.5,5,,Local Flavor;,,None,None,None,None,None,None,None
K8dYoXbGDWJr_vSlVwDN1A,Garam Masala,40 Bristol Rd E,Mississauga,ON,43.6137775,-79.6618675,2.5,4,Buffets;,Restaurants;,,None,None,None,None,None,None,None
fUOY7g6JcO0m3iZNfK0O0g,Injapan,124 Atlantic Avenue,Toronto,ON,43.6397312,-79.4212973,3,32,,Restaurants;,Japanese;,11:30-22:0,11:30-22:0,11:30-22:0,11:30-22:0,11:30-22:0,12:0-21:30,None
t2Eg5QRgLg9DWUeMe_Duhg,Sarah B.,360 Rue Saint-Antoine O,Montreal,QC,45.502393,-73.56031,3.5,23,,Bars;,,16:0-0:0,16:0-0:0,16:0-0:0,16:0-0:0,16:0-0:0,16:0-0:0,16:0-0:0
9xq1pZfhkr8frt5O_EUW0w,The Drake Underground,1150 Queen St W,Toronto,ON,43.6432048,-79.4246377,4,27,,Lounges;,,None,None,None,None,None,None,None
WfB_SsYeKy83QQsqAAyGVQ,Cancun Bar & Grill,"5006 S Maryland Pkwy, Ste 17",Las Vegas,NV,36.0986321,-115.1360793,4.5,5,,Bars;Restaurants;,Mexican;,8:0-0:0,8:0-0:0,8:0-0:0,8:0-0:0,8:0-0:0,8:0-0:0,8:0-0:0
4K1_LooJ7smBLJcKaGMjUg,Hestia,"733 Rue Cathcart, Suite 6",Montréal,QC,45.5021854,-73.5698679,4.5,6,Coffee & Tea;,Coffee & Tea;,,7:0-18:0,7:0-18:0,7:0-18:0,7:0-18:0,7:0-18:0,None,None
mFE7N0p3f_7vcMTUy76ifw,Village Inn,2780 E Germann Rd,Chandler,AZ,33.2792396,-111.7928411,3.5,49,Salad;Burgers;,Breakfast & Brunch;,American (Traditional);,5:30-0:0,5:30-0:0,5:30-0:0,5:30-0:0,5:30-1:0,5:30-1:0,5:30-0:0
YgPz8vB7tw1B61qi_NLP9w,Kesté,275 Avenue Fairmount O,Montréal,QC,45.5209077,-73.5974472,4,18,,,Italian;,17:0-21:30,11:0-21:30,11:0-21:30,11:0-22:0,11:0-23:0,12:0-23:0,12:0-21:0
btRo30YqzXeTbgxk6gnLMw,Pizza Hut,380 Dover Center Rd,Bay Village,OH,41.48447501,-81.9211499,1.5,3,Pizza;Chicken Wings;,,Italian;,None,None,None,None,None,None,None
75MOveOQwQYbKR02rULdHA,Restaurant de Wang Ji,4354 Wellington,Verdun,QC,45.4604006,-73.5672162,3.5,5,,Restaurants;,,None,None,None,None,None,None,None
WEouNHHxfqGa8gYAnyiyBA,El Palenque,5945 Andrews Rd,Mentor-on-the-Lake,OH,41.7078674,-81.3612933,3.5,3,,Restaurants;,,11:0-22:0,11:0-22:0,11:0-22:0,11:0-22:0,11:0-22:30,0:0-22:30,11:0-20:0
bLva9YGmDcnar3YKHE2XzA,Tutti Frutti Frozen Yogurt,5874 Forbes Ave,Pittsburgh,PA,40.4378411,-79.9201088,3.5,31,Food;,,,12:0-22:30,12:0-22:30,12:0-22:30,12:0-22:30,12:0-23:30,12:0-23:30,12:0-22:30
9zSRAOUIM3I2ZnY9xwvioQ,Sandstone Cafe,4959 W Ray Rd,Chandler,AZ,33.3183691,-111.9276449,3,10,,Restaurants;,,None,None,None,None,None,None,None
AuE8ETTblOgY1CL3c9Up2g,Walgreens,275 Davison Dr,Sun Prairie,WI,43.1869254,-89.2288242,2,4,Food;,,,0:0-0:0,0:0-0:0,0:0-0:0,0:0-0:0,0:0-0:0,0:0-0:0,0:0-0:0
VGRn5KgYKMkqdIKtBUzQQA,Wahlburgers,2105 Ontario St,Cleveland,OH,41.497812,-81.691629,3,100,Burgers;,,American (Traditional);,11:0-22:0,11:0-22:0,11:0-22:0,11:0-23:0,11:0-23:0,11:0-23:0,11:0-22:0
FT08e7Kzgi0Eu0hI4FFYTA,The Corner Pub,12301 Madison Ave,Lakewood,OH,41.4767671,-81.7750862,3,4,,Bars;,,None,None,None,None,None,None,None
WO5uv-M-u5AG24PiRLYnZA,La Citronnelle,1386 Rue Fleury E,Montréal,QC,45.560843,-73.657388,4,7,,Restaurants;,Chinese;Vietnamese;,17:0-22:0,17:0-22:0,17:0-22:0,17:0-22:0,17:0-22:0,16:30-22:0,16:30-22:0
0ZNIAF_1d83uK1Z7mADTfA,Pizza Hut,"252 Bayly Street W, Unit 1",Ajax,ON,43.84245,-79.02799,2.5,9,Chicken Wings;,Restaurants;,Italian;,11:0-22:0,11:0-22:0,11:0-22:0,11:0-22:0,11:0-1:0,11:0-1:0,12:0-22:0
1P1YZZl9HXSYeSJR6cjf_Q,Thai Express,"Rutherford Market Place, 9342 Bathurst Street",Vaughan,ON,43.8468427,-79.4585966,3,12,,Restaurants;,,11:0-21:0,11:0-21:0,11:0-21:0,11:0-21:0,11:0-21:0,11:0-21:0,11:0-20:0
2deqdywFPZxDA6F2rVnE1w,Fellbacher Weingärtner,Kappelbergstr. 48,Fellbach,BW,48.8021866,9.281069959,4.5,7,Food;Beer;,,,9:0-18:30,9:0-18:30,9:0-18:30,9:0-18:30,9:0-18:30,9:0-18:30,None
j37Z4LIXTH9j6KOq9aX8DQ,Beer Emporium,302 S Saint Clair St,Pittsburgh,PA,40.4599557,-79.930726,3.5,169,Beer;Food;Sandwiches;,Restaurants;Bars;,American (New);Belgian;,11:0-23:0,11:0-23:0,11:0-23:0,11:0-23:0,11:0-0:0,11:0-0:0,12:0-21:0
lZ9ReZiXX8p6fgEQk6gIGQ,Rite Aid,617 Highland St,Mount Holly,NC,35.2887,-81.018498,2,4,Food;,,,8:0-22:0,8:0-22:0,8:0-22:0,8:0-22:0,8:0-22:0,8:0-22:0,11:0-19:0
_eKvk2GoGKb3CoYolHgRlg,Fresko A Mediterranean Kitchen,5033 E Elliot Rd,Phoenix,AZ,33.347893,-111.9768218,4.5,88,Sandwiches;,Vegetarian;,Greek;Mediterranean;,11:0-20:0,11:0-20:0,11:0-20:0,11:0-20:0,11:0-21:0,11:0-21:0,11:0-17:0
SAae44V24aD7y_HpgxjhPA,Nando's Mexican Cafe,6715 E McDowell Rd,Mesa,AZ,33.4658931,-111.6858266,3.5,192,,Restaurants;,,None,None,None,None,None,None,None
fx2GjJQyFb4FbueV0vX-KA,Restaurant Speisemeisterei,Schloß Hohenheim 1,Stuttgart,BW,48.71269246,9.213666536,4.5,40,Food;Specialty Food;,Restaurants;,German;International;French;,18:0-20:30,12:0-0:0,12:0-0:0,18:0-20:30,18:0-20:30,18:0-20:30,18:0-20:30
6Kp9W5ZvVn--6caQ73_QXg,Tsui Xiang Tsuen Restaurant,888 Dundas Street E,Mississauga,ON,43.598682,-79.595522,4,8,,Restaurants;,,9:0-21:30,9:0-21:30,9:0-21:30,9:0-21:30,9:0-21:30,9:0-21:30,9:0-21:30
kRgP3LxO2ugBrC1YpWLncA,Bangkok Thai Bar-B-Q,13828 N 51st Ave,Glendale,AZ,33.61152085,-112.1704866,4,131,,Restaurants;,Asian Fusion;,11:0-21:0,11:0-21:0,11:0-21:0,11:0-21:0,11:0-21:30,12:0-21:30,12:0-21:0
H0Zq06uQqHI3we2I_3wNxA,Sweet Lee's Rustic Bakery,291 Beaudoin Street,Montréal,QC,45.4742735,-73.585614,4.5,5,Bakeries;Food;,Bakeries;,,None,None,8:0-18:0,8:0-18:0,8:0-18:0,8:0-16:0,8:0-16:0
w9C4ZYy8P-CXFB_1PubMkQ,The Second Cup,126 Lakeshore Road E,Oakville,ON,43.4440635,-79.6696932,2,3,Food;,,,None,None,None,None,None,None,None
dd9eOcxR3KsEHkimIwqcrg,Cora's Breakfast & Lunch,16655 Yonge Street,Newmarket,ON,44.03506541,-79.47338601,2.5,10,,Restaurants;,,None,None,None,None,None,None,None
mfQlXkeNhW1vz_1iq63mNQ,Del Taco,1483 N Dysart Rd,Avondale,AZ,33.454393,-112.3404076,2.5,23,Fast Food;,Restaurants;Fast Food;,,7:0-2:0,7:0-2:0,7:0-2:0,7:0-2:0,7:0-3:0,7:0-3:0,7:0-2:0
owwKUc2VFUMgRPZFEgrtKA,Pho Dam,2025 N Dobson Rd,Chandler,AZ,33.3362676,-111.8741442,4,17,,Restaurants;,,9:0-20:30,9:0-20:30,9:0-20:30,9:0-20:30,9:0-20:30,9:0-20:30,9:0-20:30
4RhyluqR0eXERECBLallXQ,Sugar & Spice,5200 Clairton Blvd,Pittsburgh,PA,40.3441771,-79.9723768,4,28,Food;Food Trucks;Specialty Food;,,,11:30-21:0,11:30-21:0,11:30-21:0,11:30-21:0,11:30-21:0,11:30-21:0,12:0-21:0
6CpAWkTcqqNtGAfOsPeFUw,Arby's,17032 N 99th Ave,Sun City,AZ,33.63926287,-112.2752562,3.5,9,Sandwiches;,Restaurants;Steakhouses;,American (Traditional);American (New);,7:0-22:0,7:0-22:0,7:0-22:0,7:0-22:0,7:0-22:0,8:0-22:0,9:0-21:0
u29lf2yPd-qK5ThAS9FRQQ,Kinthai,4105 W Sahara Ave,Las Vegas,NV,36.1440231,-115.195896,4.5,61,,Restaurants;,,11:0-22:0,11:0-22:0,11:0-22:0,11:0-22:0,11:0-22:0,11:0-22:0,11:0-22:0
#NAME?,La Stella Patisserie,2725 Jane Street,North York,ON,43.7409183,-79.5134864,3.5,5,Food;Coffee & Tea;,Coffee & Tea;,,8:0-18:30,8:0-18:30,8:0-20:0,8:0-20:0,8:0-20:0,8:0-19:30,8:0-19:0
PmDhZiyiHI6O3RJXXojJcA,Pizza Pizza,Lebovic,Toronto,ON,43.72484,-79.28991885,2,4,Pizza;,,,None,None,None,None,None,None,None
ZzZjqBtd5PdwsyKetryDMA,Teavana,"3200 Las Vegas Blvd S, Ste 1795",Las Vegas,NV,36.1272241,-115.1715512,3.5,48,Coffee & Tea;,Coffee & Tea;,,10:0-21:0,10:0-21:0,10:0-21:0,10:0-21:0,10:0-21:0,10:0-21:0,11:0-19:0
XjbPr3o-YTsticeavLjTEg,Hooters,1433 Rue Crescent,Montréal,QC,45.497981,-73.57722,2,20,Barbeque;,Barbeque;Restaurants;Bars;,,11:0-3:0,11:0-3:0,11:0-3:0,11:0-3:0,11:0-3:0,11:0-3:0,11:0-3:0
kFuFm8NmxyVkj4xVWO1ugw,Cora Breakfast and Lunch,"16 Vogell Rd, Unit K",Richmond Hill,ON,43.8642469,-79.3833695,2.5,3,,Restaurants;,,6:0-15:0,6:0-15:0,6:0-15:0,6:0-15:0,6:0-15:0,6:0-15:0,None
lUSd0oIMqN4qbFJWX8mIzA,McDonald's,6025 Chemin de la Côte-des-Neiges,Montréal,QC,45.5007414,-73.6311554,4,4,Fast Food;,Fast Food;Restaurants;,,0:0-0:0,0:0-0:0,0:0-0:0,0:0-0:0,0:0-0:0,0:0-0:0,0:0-0:0
KYEZATGRY5aD69ZR6VvyWQ,North Forty Saloon and BBQ,5990 Centennial Center Blvd,Las Vegas,NV,36.27183834,-115.2632794,3.5,31,Barbeque;,Restaurants;Barbeque;,,11:0-2:0,11:0-2:0,11:0-2:0,11:0-2:0,11:0-2:0,7:0-2:0,7:0-2:0
inaACfObL1NBNJmBG11iuQ,Global Deli,"13 George IV Bridge, Old Town",Edinburgh,EDH,55.9479597,-3.1921432,4,13,Food;Sandwiches;Coffee & Tea;,Restaurants;Coffee & Tea;,,7:0-17:0,7:0-17:0,7:0-17:0,7:0-17:0,7:0-17:0,None,9:0-15:0
pBoWsom3mZFYo9EucIWRDg,Kabuki Sushi & Grill,"8378 W Thunderbird Rd, Ste 107",Peoria,AZ,33.6114217,-112.2395205,4,157,,Restaurants;,Japanese;,11:0-22:0,11:0-22:0,11:0-22:0,11:0-22:0,11:0-22:0,11:0-22:0,11:0-22:0
E4I_MLoRNwLCZ8mHr4fRpQ,Prince BBQ,4390 Steeles Ave East,Markham,ON,43.8263314,-79.3051004,3.5,5,,Restaurants;,,11:0-20:0,11:0-20:0,11:0-20:0,11:0-20:0,11:0-20:0,11:0-20:0,11:0-20:0
7J_8O6w79raFRSORc3bRew,AZ Pho & Grill,"3140 S Gilbert Rd, Ste 1",Chandler,AZ,33.2606908,-111.7903737,4,249,Bubble Tea;Food;,Restaurants;,,11:0-21:0,11:0-21:0,11:0-21:0,11:0-21:0,11:0-21:30,11:0-21:30,11:0-20:30
qB15WElGAlI_eGWjn0kT2w,Taco Bell,15240 N. 32nd Street,Phoenix,AZ,33.6259,-112.0136,2,18,Fast Food;,Fast Food;Restaurants;,Tex-Mex;,7:0-0:0,7:0-0:0,7:0-0:0,7:0-0:0,7:0-0:0,7:0-0:0,7:0-0:0
575BoZY8tDPcfSRcdsUNLw,Eat'n Park,1250 Banksville Rd,Pittsburgh,PA,40.4167567,-80.0303278,3,42,,Restaurants;Breakfast & Brunch;,American (New);American (Traditional);,0:0-0:0,0:0-0:0,0:0-0:0,0:0-0:0,0:0-0:0,0:0-0:0,0:0-0:0
QAXFmt__jImnIEvhAVZsJA,Boston Pizza,6857 Boulevard Newman,Lasalle,QC,45.4486301,-73.6087194,2,17,,Restaurants;,,11:0-23:0,11:0-23:0,11:0-23:0,11:0-0:0,11:0-0:0,11:0-0:0,11:0-23:0
Di5ApLgoQpcv5Aew82fI_A,The Rendezvous,10 Queensferry Street,Edinburgh,EDH,55.9505495,-3.2094542,3.5,19,,Restaurants;,Cantonese;,None,12:0-23:0,12:0-23:0,12:0-23:0,12:0-23:30,12:0-23:30,13:0-23:0
OJ23YGPnscazBaX4CyssKg,Asia Spezialitäten Imbiss Drachen,Fabrikstr. 4,Filderstadt,BW,48.6599,9.22247,4,10,,Restaurants;,,17:0-22:0,17:0-22:0,17:0-22:0,17:0-22:0,17:0-22:0,17:0-22:0,17:0-22:0
MIBi66jl0rSVJsanYziDQw,Yogurty's,1703 Avenue Road,Toronto,ON,43.7278086,-79.4176172,4,3,Ice Cream & Frozen Yogurt;,,,13:0-22:0,13:0-22:0,13:0-22:0,13:0-22:0,12:0-22:0,12:0-22:0,13:0-22:0
rSCevr5tQJTxPzMIq3n5Gw,Yoshi's Asian Grill,3800 E Sky Harbor Blvd,Phoenix,AZ,33.4356207,-112.0095457,2.5,14,,Restaurants;,,None,None,None,None,None,None,None
hf8P2jkE6xT6ZuoasempCQ,Tesco Extra,"30 Meadow Place Road, Corstorphine",Edinburgh,EDH,55.94025272,-3.29420339,4,5,Food;Beer;,,,0:0-0:0,0:0-0:0,0:0-0:0,0:0-0:0,0:0-0:0,0:0-0:0,0:0-0:0
3N5bwNdig7uRddd3kozENA,Popeyes Louisiana Kitchen,589 Yonge Street,Toronto,ON,43.6660486,-79.3848505,2.5,17,Chicken Wings;Fast Food;,Fast Food;,,None,None,None,None,None,None,None
oFqSBajk338oJ1KNG4vCjA,Toronto Kick Boxing & Muay Thai Academy,1992 Yonge Street,Toronto,ON,43.7002639,-79.3970127,4,8,,,Muay Thai;,20:0-21:30,20:0-21:30,20:0-21:30,18:0-19:45,18:0-19:30,11:0-13:0,12:0-14:0
tCJGEQVqjELLYv3fPNX5Rw,Fleming's Prime Steakhouse-Scottsdale,20753 N Pima Rd,Scottsdale,AZ,33.674238,-111.889288,3.5,190,,Restaurants;Steakhouses;Wine Bars;Bars;,,17:0-22:0,17:0-22:0,17:0-22:0,17:0-22:0,17:0-22:30,17:0-22:30,16:0-21:0
W8GVfGILy7an385lZSEvSw,Burger King,1736 Las Vegas Blvd S,Las Vegas,NV,36.150372,-115.153558,2,18,Burgers;,,,None,None,None,None,None,None,None
g3HuShjhEjDxOy6Ykp9l4A,Buehler's Fresh Foods,3688 Center Rd,Brunswick,OH,41.2366079,-81.818474,4,8,Food;,,,7:0-22:0,7:0-22:0,7:0-22:0,7:0-22:0,7:0-22:0,7:0-22:0,7:0-21:0
GgPlBfiSNt3MVyMlhXohaw,Teviotdale Truck Stop,RR 1,Palmerston,ON,43.84511872,-80.75974207,3.5,3,Food;,,,None,None,None,None,None,None,None
rv9T1qGHbh9eXqFpKEPy_A,Sesame Inn Carefree,34482 N Scottsdale Rd,Scottsdale,AZ,33.7983014,-111.9307437,3.5,90,,Restaurants;,,11:30-21:0,11:30-21:0,11:30-21:0,11:30-21:0,11:30-21:0,11:30-21:0,11:30-21:0
gEJZ5USuvC1r8_QvSvDCNA,K-Bowl,39 E Green St,Champaign,IL,40.109988,-88.240506,3.5,50,,Restaurants;,Asian Fusion;,None,11:0-21:30,11:0-21:30,11:0-21:30,11:0-16:0,11:0-16:0,11:0-21:0
OvbLKXkJCg8ZMHX9L5faIA,Bread Meats Bread,92 Lothian Road,Edinburgh,EDH,55.94638977,-3.20582936,4,28,Burgers;,,,11:0-22:0,11:0-22:0,11:0-22:0,11:0-22:0,11:0-22:0,11:0-22:0,11:0-20:0
aFmcd1VXT4f9gjLWreSQvA,Cigarettes and More,8328 Pineville Matthews Rd,Charlotte,NC,35.0895921,-80.8604778,4.5,3,Food;,,,None,None,None,None,None,None,None
75RP4HSsSJOe_e7e2e3jQQ,Rise & Shine - A Steak & Egg Place,75 S Valle Verde Dr,Henderson,NV,36.02432341,-115.0628574,4,29,,Breakfast & Brunch;,,7:0-15:0,7:0-15:0,7:0-15:0,7:0-15:0,7:0-15:0,7:0-15:0,7:0-15:0
i-ywLm8zqwvtYobrk3DjxQ,Le Rouge Bar,7 Rue Prince Arthur O,Montréal,QC,45.5136831,-73.5728609,3.5,32,,Bars;,,None,None,None,None,22:0-3:0,22:0-3:0,None
2cfzQGANxuIGcCUrlwnV7w,Popeyes Louisiana Kitchen,3420 William Penn Hwy,Pittsburgh,PA,40.4299884,-79.8132914,2,18,Fast Food;Chicken Wings;,Fast Food;Southern;,,10:30-21:0,10:30-21:0,10:30-21:0,10:30-21:0,10:30-21:0,10:30-21:0,10:30-21:0
1vU_fJZ8B8oCc7S4dtRuEw,ristorante musica é,Neckarstr. 160,Stuttgart,BW,48.789643,9.1965902,3.5,20,,Restaurants;,,None,11:0-23:30,11:0-23:30,11:0-23:30,11:0-23:30,12:0-0:0,12:0-0:0
f-ZCLP1SL1a8qvTrPBI-DQ,Ungarisches Restaurant Bei Melinda,Landhausstr. 110,Stuttgart,BW,48.7874484,9.2018839,4,3,,Restaurants;,,None,11:0-23:0,11:0-23:0,11:0-23:0,11:0-23:0,11:0-23:0,11:0-23:0
wRmPV-RvcqcjeyUeOaJQCg,The Bass Cafe Grill & Terrace,900 Karen Ave,Las Vegas,NV,36.1409252,-115.1428874,2.5,3,Food;Coffee & Tea;Salad;,Restaurants;Coffee & Tea;,American (Traditional);,7:0-22:0,7:0-22:0,7:0-22:0,7:0-22:0,7:0-22:0,11:0-22:0,11:0-22:0
JxSmlL_MckX0dvS5XBg0Cg,Olympos Gyros,5950 Steubenville Pk,Robinson Township,PA,40.4482086,-80.1427729,4,48,,Restaurants;,Greek;,11:0-20:0,11:0-20:0,11:0-20:0,11:0-21:0,11:0-21:0,11:0-21:0,None
HVd718KlG6VdY5oh5LH7mQ,Restaurant Xi'An Lina Tang,1051 Boulevard Saint-Laurent,Montréal,QC,45.5082486,-73.5599432,3,7,,,Chinese;,None,None,None,None,None,None,None
T2jfXhvQPk9wLdt1OVV-Kg,Rose Street Brewery,55-57 Rose Street,Edinburgh,EDH,55.95283523,-3.198559616,3,24,,Whiskey Bars;Breakfast & Brunch;Restaurants;,,12:0-23:0,12:0-23:0,12:0-23:0,12:0-23:0,11:0-0:0,11:0-0:0,11:0-23:0
pUXp6kOBhG978nliw9suow,nah und gut Alsadi,In den Ziegelwiesen 7,Leonberg,BW,48.76422,8.98484,4.5,3,Food;,,,8:0-20:0,8:0-20:0,8:0-20:0,8:0-20:0,8:0-20:0,8:0-16:0,None
wCqwIB2I7Tf046pbuSw0EA,Walmart Supercenter,6145 N 35th Ave,Phoenix,AZ,33.526816,-112.1325126,2,40,Food;,,,6:0-0:0,6:0-0:0,6:0-0:0,6:0-0:0,6:0-0:0,6:0-0:0,6:0-0:0
ECqc9Xd0dTdKmcNrbIizAw,Los Girasoles,4441 State Route 43,Kent,OH,41.1105329,-81.3480427,4,54,,Southern;Restaurants;,Mexican;,11:0-22:0,11:0-22:0,11:0-22:0,11:0-22:0,11:0-22:0,11:0-22:0,11:0-22:0
xT_xzBj-CmxdXdcx6ONGLA,Phoenix Resto Pub,1970 Rue Léonard-de-Vinci,Sainte-Julie,QC,45.577027,-73.330855,4,6,Burgers;Pizza;,Bars;Restaurants;,,11:0-0:0,11:0-0:0,11:0-0:0,11:0-3:0,11:0-3:0,16:0-3:0,16:0-0:0
1e2ZRUm9lpX3vrmraRx-yQ,Tacos Colima,,Las Vegas,NV,36.37992431,-114.8875063,4.5,3,Food;,,,None,None,None,None,None,None,None
dcGq4lhHAuPpKYHcLP_Xmg,Rita's Garden,Schwabstr. 124,Stuttgart,BW,48.7816,9.1576,2.5,3,,,Indian;,18:0-22:0,18:0-22:0,18:0-22:0,18:0-22:0,18:0-22:0,18:0-22:0,None
AYnFgzhlMLs4c3G-k-cA0A,DQ Grill & Chill Restaurant,325 Central Parkway W,Mississauga,ON,43.583152,-79.6384179,2.5,6,Fast Food;Ice Cream & Frozen Yogurt;,Fast Food;Restaurants;,,10:30-22:0,10:30-22:0,10:30-22:0,10:30-22:0,10:30-23:0,10:30-23:0,11:0-22:0
5rinwJ0Xs-Ay5GmAnzjO8Q,Levelz,1825 E Carson St,Pittsburgh,PA,40.428971,-79.979454,1,3,,Bars;Lounges;,,16:0-2:0,16:0-2:0,16:0-2:0,16:0-2:0,12:0-2:0,12:0-2:0,12:0-2:0
ugdUuApH3pYXggW5qpbALg,Mr. Torta's,4527 Cottage Grove Rd,Madison,WI,43.08397675,-89.30336322,3.5,19,,Restaurants;,Mexican;,11:0-21:0,11:0-21:0,11:0-21:0,11:0-21:0,11:0-21:0,11:0-21:0,11:0-20:0
1Nq7GxjvEDgAJxBeOjR_9Q,Burrito Express,450 N Alma School R,Mesa,AZ,33.4235954,-111.8568585,2.5,92,,,Mexican;,8:0-21:0,8:0-21:0,8:0-21:0,8:0-21:0,8:0-21:0,8:0-21:0,8:0-18:0
#NAME?,Usmania Grill,"1211 Kingston Road, Unit 9",Pickering,ON,43.83141338,-79.09380924,3,8,Seafood;,Restaurants;,Pakistani;Indian;,11:0-22:0,11:0-22:0,11:0-22:0,11:0-22:0,11:0-22:0,10:0-22:0,10:0-22:0
ZBSha-zoPLias7wCQ0ZyVw,Gamberoni Restaurant,3238 Yonge Street,Toronto,ON,43.7295029,-79.4035613,3,18,,Restaurants;,,None,None,None,None,None,None,None
DkBer3JjUGfKEsZCLtfgvA,Crave Healthy Habits,"TD Centre Food Hall, 100 Wellington Street W",Toronto,ON,43.6471768,-79.3815764,4,11,Salad;,Restaurants;Vegetarian;,,7:30-16:0,7:30-16:0,7:30-16:0,7:30-16:0,7:30-16:0,None,None
to2cGMKdaw7ZHbXMzpfhlA,Filiberto's Mexican Rest,3218 E Mcdowell Rd,Phoenix,AZ,33.4660114,-112.0123338,3,7,,Restaurants;,,0:0-0:0,0:0-0:0,0:0-0:0,0:0-0:0,0:0-0:0,0:0-0:0,0:0-0:0
X2oxkKB-wlu8xV0P8fbfiQ,Mo's Chicken,3505 W Thomas Rd,Phoenix,AZ,33.4800487,-112.1347018,3,10,,Restaurants;,,10:0-21:30,10:0-21:30,10:0-21:30,10:0-21:30,10:0-23:0,10:0-23:0,10:30-21:30
0RrHQNdsMK3jPlK4f9_wWA,Presse Café,800 St Catherine E,Montréal,QC,45.515484,-73.5586047,2.5,10,Sandwiches;Food;Coffee & Tea;,Restaurants;Coffee & Tea;,,None,None,None,None,None,None,None
T1U7Te9Ulv2Qqfzna4JuYA,Tucker's Marketplace Restaurant,5067 Dixie Rd,Mississauga,ON,43.6364658,-79.6214012,3.5,3,Fast Food;,Fast Food;,,None,None,None,None,None,None,None
K8NUJWxYXlRyNS4SzZYMrw,Dunkin' Donuts,16131 Lancaster Hwy,Charlotte,NC,35.028656,-80.8511594,2.5,17,Coffee & Tea;Food;Donuts;,Coffee & Tea;,,5:30-21:0,5:30-21:0,5:30-21:0,5:30-21:0,5:30-21:0,6:0-21:0,6:0-21:0
yHCoJZh5nx0Onr5xgMaUHg,Galleria Supermarket,865 York Mills Road,Toronto,ON,43.7537215,-79.3494213,4,92,Food;,,Korean;,7:0-0:0,7:0-0:0,7:0-0:0,7:0-0:0,7:0-0:0,7:0-0:0,7:0-0:0
EgGdnaotJpPvxCFyZPJeUw,Pizza Hut,4945 W. Craig Road,Las Vegas,NV,36.238059,-115.210341,2,13,,Restaurants;,,11:0-23:0,11:0-23:0,11:0-23:0,11:0-23:0,11:0-0:0,10:0-0:0,10:0-23:0
5bGFrGqzooCchYXXorGL7w,Goen Yakiniku,"328 Highway 7 E, Unit 8",Richmond Hill,ON,43.84156535,-79.39938774,2.5,6,Noodles;Barbeque;,Barbeque;Diners;,Japanese;,16:0-23:0,16:0-23:0,16:0-23:0,16:0-23:0,16:0-23:0,13:0-23:0,13:0-23:0
#NAME?,Federico's Mexican Food,13132 W Camelback Rd,Litchfield Park,AZ,33.508441,-112.341953,3.5,63,,,Mexican;,7:0-7:0,7:0-7:0,7:0-7:0,7:0-7:0,7:0-7:0,7:0-7:0,7:0-7:0
06_bDWrsZkj5l1u1OUZ4Vg,Cupz,8520 Blue Diamond Rd,Las Vegas,NV,36.020846,-115.277262,3.5,37,Food;Coffee & Tea;,Coffee & Tea;,,8:0-18:0,8:0-18:0,8:0-18:0,8:0-18:0,8:0-18:0,8:0-18:0,8:0-18:0
JzNXaLxwWnC_zKOI0tkt2w,WineStyles,9788 W Northern Ave,Peoria,AZ,33.5515304,-112.2707018,4,6,Food;Beer;,Bars;,,23:0-20:0,23:0-20:0,23:0-20:0,23:0-20:0,23:0-22:0,23:0-22:0,23:0-18:0
lK-wuiq8b1TuU7bfbQZgsg,Hingetown,,Cleveland,OH,41.48934281,-81.7110287,3,4,Coffee & Tea;,Cafes;Coffee & Tea;Restaurants;Local Flavor;,,0:0-0:0,0:0-0:0,0:0-0:0,0:0-0:0,0:0-0:0,0:0-0:0,0:0-0:0
suNxw61sND7uCfTXW6XcNw,Walmart Supercenter,2420 Supercenter Dr NE,Kannapolis,NC,35.4626809,-80.5946648,2.5,12,Food;,,,0:0-0:0,0:0-0:0,0:0-0:0,0:0-0:0,0:0-0:0,0:0-0:0,0:0-0:0
VaFRggkuU-gZDMbnvAZOtg,Piazza Bistro,94 George Street,Oakville,ON,43.44569,-79.6682013,4,7,,,Italian;,None,8:0-22:0,8:0-22:0,8:0-22:0,8:0-23:0,8:0-23:0,9:0-17:0
lrm8hNDtwd5Wd0tVjOgCyw,Ithaca Restaurant,5308 Hwy 7 E,Markham,ON,43.8685158,-79.282552,3.5,55,,Restaurants;,Greek;,11:0-22:0,11:0-22:0,11:0-22:0,11:0-22:0,11:0-22:0,11:0-22:0,11:0-22:0
D1E_6MBFKeU2a7EQ4IwoEQ,Little Caesars Pizza,13011 W Greenway Blvd,El Mirage,AZ,33.62305489,-112.3397575,2.5,15,,Restaurants;,,None,None,None,None,None,None,None
qwlsGR-pJb6xMWJBqiNIQw,J-Town By The Sea,"J-Town Shopping Center, 3160 Steeles Avenue E, Unit 6 & 7",Markham,ON,43.8153801,-79.3447037,3.5,34,Specialty Food;Sushi Bars;Food;Seafood;,Restaurants;,,None,11:0-19:0,11:0-19:0,11:0-19:0,11:0-19:0,11:0-19:0,11:0-18:0
GlKEm1HSox2sQeOjcvXrYw,Caldense & Bakery,337 Symington Avenue,Toronto,ON,43.6664163,-79.4514967,3,13,Food;Coffee & Tea;Bakeries;,Coffee & Tea;Bakeries;,,5:0-23:0,5:0-23:0,5:0-23:0,5:0-23:0,5:0-0:0,5:0-0:0,6:0-23:0
03bL5yYHb-chhJwyeSAkfQ,Student Tasty Biryani,1620 Avenue Lincoln,Montréal,QC,45.4958037,-73.5804942,4,19,,Restaurants;,Indian;,12:0-0:0,12:0-0:0,12:0-0:0,12:0-0:0,12:0-0:0,12:0-0:0,12:0-0:0
NS6sflNa3aqP74iDzIDB9g,The Art Of Baking,,Charlotte,NC,35.1825962,-80.6548882,5,5,Food;,,,None,None,None,None,None,None,None
AfL8Ds7ex73tfVbq3EFWKg,Baja Fresh,"8780 W Charleston Blvd, Ste 100",Las Vegas,NV,36.1594825,-115.2874508,5,6,,Restaurants;,,10:0-21:30,10:0-21:30,10:0-21:30,10:0-21:30,10:0-21:30,10:0-21:30,10:0-21:30
k-6pef2sjWEyyBqgTAQcRA,Coffee Culture,10037 Keele Street,Vaughan,ON,43.8557999,-79.512148,3.5,29,Coffee & Tea;,Breakfast & Brunch;Coffee & Tea;Restaurants;,,6:0-23:0,6:0-23:0,6:0-23:0,6:0-0:0,6:0-0:0,6:0-0:0,6:0-23:0
R8Mw0iFenJ3nwXuZb7Ql4A,Pun Cao Tong,550 Highway 7 E,Richmond Hill,ON,43.8450976,-79.3839546,3.5,39,Desserts;Food;Specialty Food;,Restaurants;,,11:0-2:0,11:0-2:0,11:0-2:0,11:0-2:0,11:0-2:0,11:0-2:0,11:0-2:0
AKhyVVdettT6M-ExhYKHdw,Baxters,"Unit 2, Ocean Drive",Edinburgh,EDH,55.9795839,-3.1788828,4,10,Food;Coffee & Tea;,Restaurants;Coffee & Tea;,,10:0-17:30,10:0-17:30,10:0-17:30,10:0-17:30,10:0-17:30,10:0-17:30,10:0-17:30
KENynjpbyq33DjGWXOip2Q,Pizza Nova,3928 Keele Street,Toronto,ON,43.76276779,-79.49141693,4.5,5,Pizza;,,,None,None,None,None,None,None,None
VpXlnz2dD4KzPw4yJ_eJ3A,QuikTrip,859 Concord Pkwy S,Concord,NC,35.3947733,-80.6168189,2.5,5,Food;,,,0:0-0:0,0:0-0:0,0:0-0:0,0:0-0:0,0:0-0:0,0:0-0:0,0:0-0:0
0jxh10zrKlRetrBZ3H7NwA,Bubble Tea and Me,"7330 Yonge Street, Suite 107",Thornhill,ON,43.8061673,-79.4231879,3.5,34,Coffee & Tea;,Coffee & Tea;,,12:0-0:0,12:0-0:0,12:0-0:0,12:0-0:0,12:0-1:0,12:0-1:0,12:0-0:0
J1oc5GMKIiVZ16tgWJtEdg,Subway,"10909 Yonge Street, Unit 49",Richmond Hill,ON,43.8940374,-79.4403959,3,5,Sandwiches;Fast Food;,Fast Food;,,7:0-0:0,7:0-0:0,7:0-0:0,7:0-0:0,7:0-0:0,9:0-0:0,9:0-23:0
LPq-IOpA_VrZ2xRh1A6Ssw,The Saguaro Restaurant,4000 North Drinkwater Blvd,Scottsdale,AZ,33.4941213,-111.9227616,3.5,10,Sandwiches;Salad;,Restaurants;Cocktail Bars;,American (Traditional);,7:0-22:0,7:0-22:0,7:0-22:0,7:0-22:0,7:0-22:0,7:0-22:0,7:0-22:0
bGao_iVv3TAYcZ_5y9bOCQ,Le Fagotin,"5243, Chemin de Chambly Saint Hubert",Saint-Hubert,QC,45.5047799,-73.4232765,5,3,,,French;,None,None,None,None,None,None,None
Xq9SvfRq_PBr8ma6vwh_Mw,Pizza Pizza,1393 Lawrence Avenue W,Toronto,ON,43.7084148,-79.4758842,3.5,3,Chicken Wings;Pizza;,Restaurants;,,11:0-2:0,11:0-2:0,11:0-2:0,11:0-3:0,11:0-3:0,11:0-3:0,11:0-2:0
0Yeb_P24sj6MwG2qmuehkA,Till's Bar,344 E Desert Inn Rd,Las Vegas,NV,36.12994954,-115.161028,4.5,42,,Bars;,,None,16:0-23:0,16:0-23:0,15:0-0:0,15:0-0:0,15:0-0:0,10:0-16:0
m6RT6O6Ad8pAfQwyjxYA8w,Trattoria l'Unico,"540 Rue d'Avaugour, Suite 1700",Boucherville,QC,45.588257,-73.428926,4.5,4,,Restaurants;,Italian;,11:30-14:0,17:0-21:0,17:0-21:0,17:0-21:0,17:0-21:0,17:0-21:0,17:0-21:0
WAq2whrNNq8DD7rG20WFjA,Sassy N Classy Cakes,,Henderson,NV,36.0376448,-115.0762536,5,16,Cupcakes;Custom Cakes;Desserts;,,,8:0-19:30,8:0-19:30,8:0-19:30,8:0-19:30,8:0-19:30,8:0-19:30,8:0-19:30
0LKcSabd5Gd5oz-qrHTzZg,Cin-Cin Restaurant,4425 N Buckboard Trl.,Scottsdale,AZ,33.5012604,-111.9233633,3,5,,Lounges;Restaurants;Bars;,,None,None,None,None,None,None,None
wztnDEbXD1VNvHMMPj2tMw,Steak 'n Shake,597 E Aurora Rd,Macedonia,OH,41.3143189,-81.5172353,1.5,42,Burgers;Fast Food;,Fast Food;Breakfast & Brunch;Restaurants;,American (New);American (Traditional);,0:0-0:0,0:0-0:0,0:0-0:0,0:0-0:0,0:0-0:0,0:0-0:0,0:0-0:0
C_5X1heCp_eQyzfmM6tGog,Red Cedar Coffee Company,"711 W Bagley Rd, Ste 5",Berea,OH,41.371833,-81.8781598,5,8,Food;Specialty Food;,,,9:0-17:30,9:0-17:30,9:0-17:30,9:0-17:30,9:0-17:30,9:0-13:0,None
vS_smYJauSPV6FjEo7n5yg,Walmart Supercenter,7735 N Tryon St,Charlotte,NC,35.29543,-80.7583318,2,42,Food;,,,6:0-0:0,6:0-0:0,6:0-0:0,6:0-0:0,6:0-0:0,6:0-0:0,6:0-0:0
mZK8IBkMFzOX2UmA7_BylA,IHOP,935 W Elliot Rd,Chandler,AZ,33.3493477,-111.8565147,2.5,78,,Restaurants;Breakfast & Brunch;,American (New);,0:0-0:0,0:0-0:0,0:0-0:0,0:0-0:0,0:0-0:0,0:0-0:0,0:0-0:0
_3IE9guLHvAr-kJpH4Zd7Q,Urbun Eats Co,874 Eglinton Avenue E,Toronto,ON,43.7809748,-79.41517543,3.5,3,Fish & Chips;,Restaurants;Poutineries;,,12:0-19:0,12:0-20:0,12:0-20:0,12:0-20:0,12:0-21:0,12:0-21:0,12:0-19:0
oHeiAs-mnDJU1_4BD8_5Dg,Señor Tequila Mexican Grill & Cantina,13114 Shaker Square,Cleveland,OH,41.4834697,-81.5911498,3.5,49,,,Mexican;,11:0-22:0,11:0-22:0,11:0-22:0,11:0-22:0,11:0-23:0,11:0-23:0,17:0-21:0
FuO6d7IR1ee-3Bfo-gu1HQ,Imperial Buffet,3120 Dixie Road,Mississauga,ON,43.6105822,-79.5878496,3,58,,Restaurants;,,16:30-21:0,16:30-21:0,16:30-21:0,16:30-21:0,16:30-22:0,16:30-22:0,16:30-21:0
zG0oD8WNqH94ZFZf_VBLgg,Greek Grill,3600 Rutherford Road,Vaughan,ON,43.82765185,-79.5507646,3,4,,,Greek;,11:0-21:0,11:0-21:0,11:0-21:0,11:0-21:0,11:0-22:0,11:0-22:0,11:0-21:0
e4tpnasQOzkoIegUg__aiw,Dinkey Donkey,37636 N Tom Darlington Rd,Cave Creek,AZ,33.8271931,-111.9237212,4.5,3,Delis;,,,None,None,None,None,None,None,None
pFmuMpPANaAFQ1PGVv1FeQ,Billu's Indian Grill,3936 Monroeville Blvd,Monroeville,PA,40.4370649,-79.777604,3,4,,Restaurants;,,None,None,None,None,None,None,None
WMj5Uj04pAqFxLMnJQcQqw,Panda Express,3355 Las Vegas Blvd S,Las Vegas,NV,36.1220839,-115.1680316,2.5,61,Fast Food;,Restaurants;Fast Food;,,10:0-0:0,10:0-0:0,10:0-0:0,10:0-0:0,9:0-1:0,9:0-1:0,9:0-0:0
Z-v7FStTnqpt0ibzlIbTEA,Pineapple Park,"3743 Las Vegas Blvd S, Ste 121",Las Vegas,NV,36.1067305,-115.1719754,2,6,Ice Cream & Frozen Yogurt;Food;Desserts;,,,None,None,None,None,None,None,None
LjqS416neuQCaolmUy2mrA,Boulangerie 1001 Grains,1308 Rue Notre-Dame O,Montréal,QC,45.4926683,-73.5648441,4.5,4,Food;,,,None,None,None,None,None,None,None
tpG_KqvR1v2GrlLKNAChBw,Wings Sports Bar & Grill,14516 Broadway Ave,Cleveland,OH,41.4223755,-81.5801048,3,4,,Bars;Restaurants;,American (Traditional);,None,None,None,None,None,None,None
RGmBfqdFb0giLPG-SZbQUQ,Christy Candy Shop,3542 S Maryland Pkwy,Las Vegas,NV,36.124902,-115.13471,3,4,Food;Specialty Food;,Restaurants;,Mexican;,None,None,None,None,None,None,None
jkAr4Dnoh7fZL66DNv6jqg,Red Mango,"4480 Paradise Rd, #1000",Las Vegas,NV,36.1088013,-115.152093,4,36,Desserts;,,,None,None,None,None,None,None,None
bEn1L8tr2SFTlyQIw79gOg,Choice Of The Orient,9555 Yonge Street,Richmond Hill,ON,43.859604,-79.433201,3.5,11,Ethnic Food;Food;,Restaurants;Ethnic Food;,Chinese;,15:30-0:0,15:30-0:0,15:30-0:0,15:30-0:0,15:30-0:0,15:30-0:0,12:0-23:0
NoSj3hV8Rlz_gUsOL4_EjQ,Jack's Pub,2416 W Sahara Ave,Las Vegas,NV,36.1444404,-115.1744386,2.5,21,,Restaurants;,Irish;,9:0-0:0,9:0-0:0,9:0-0:0,9:0-0:0,9:0-2:0,9:0-2:0,9:0-0:0
OlGImeovM5U14T5q5DnVSg,Big Wa,990 E Riggs Rd,Chandler,AZ,33.2195026,-111.8247181,3,4,,,Chinese;,None,None,None,None,None,None,None
M-rqZ56wTGSNoIIsBSlhDA,Hong Kong Style Cafe,10 Apple Creek Boulevard,Markham,ON,43.8568079,-79.359809,3,34,,Restaurants;,,11:0-22:0,None,11:0-22:0,11:0-22:0,11:0-22:0,11:0-22:0,11:0-22:0
loeW2G8tSIp1cLD3zB1NoQ,Urban Boba Tea House,"2470 W Happy Valley Rd, Ste 1183",Phoenix,AZ,33.71469525,-112.1125207,4,119,Coffee & Tea;Bubble Tea;,Coffee & Tea;Tea Rooms;,,12:0-21:0,12:0-21:0,12:0-21:0,12:0-21:0,12:0-21:0,12:0-21:0,12:0-21:0
0s0Xthk1JWrBUu74M81Xyg,The Good Egg - Val Vista,1939 S Val Vista Dr,Mesa,AZ,33.380479,-111.7533699,4,109,,Breakfast & Brunch;,American (New);,6:30-14:30,6:30-14:30,6:30-14:30,6:30-14:30,6:30-14:30,6:30-14:30,6:30-14:30
SlelFNxQz5PJbl6kkjI0OA,Makino,9570 S Eastern Ave,Las Vegas,NV,36.0151363,-115.1184733,3,7,,Restaurants;,,None,None,None,None,None,None,None
7aUnd76Myn3ocL425AWGeg,Venice Cafe,163 Franklin Ave,Kent,OH,41.152875,-81.358754,4,14,,Restaurants;Bars;,,None,None,None,None,None,None,None
eY2i8JbK0AnFvMs-CyV39w,Pizza Hut,22455 Shore Center Dr,Euclid,OH,41.6088331,-81.52502,1.5,8,Pizza;,Restaurants;,Italian;,None,None,None,None,None,None,None
rG-yvE321mGxakrO-55J5Q,Donut Counter,3337 Avenue Bayview,North York,ON,43.7920037,-79.3927656,4,5,Coffee & Tea;Bagels;Sandwiches;Food;,Coffee & Tea;Restaurants;,,5:30-21:30,5:30-21:30,5:30-21:30,5:30-21:30,5:30-21:30,5:30-21:30,5:30-21:30
#NAME?,Boulangerie Guillaume,5132 Boulevard Saint-Laurent,Montréal,QC,45.5233167,-73.5935236,4.5,66,Bakeries;,Bakeries;,,7:0-19:0,7:0-19:0,7:0-19:0,7:0-19:0,7:0-19:0,7:0-19:0,7:0-19:0
kgAFhUm4sim7RPnNDvSZew,Papa John's Pizza,24753 Lorain Rd,North Olmsted,OH,41.425152,-81.896178,1,7,Pizza;,,,None,None,None,None,None,None,None
pUihHVilZtpZz4FApnOvtA,Mr Combo,568 Sheppard Avenue W,North York,ON,43.755557,-79.4377948,4,14,,,Middle Eastern;,None,None,None,None,None,None,None
LhWwwDJ2l79a1tHrpcdK6A,Scaddabush Woodbridge,20 Colossus Drive,Vaughan,ON,43.7871267,-79.544573,3,22,,Restaurants;Bars;,,11:30-0:0,11:30-0:0,11:30-0:0,11:30-1:0,11:30-1:0,11:30-1:0,11:30-0:0
z-5YXiSmZchuoANnqfp1vg,Pi-Tom's Thai Cuisine,235 Jarvis Street,Toronto,ON,43.6568116,-79.3742278,3.5,13,,,Thai;,None,None,None,None,None,None,None
4-YKQyhDR2bZ26AYgZ7aFg,Royal Boonsik,647 Bloor Street W,Toronto,ON,43.6641693,-79.4151618,4,30,Food;,Restaurants;,Korean;,11:0-21:0,11:0-21:0,11:0-21:0,11:0-21:0,11:0-21:0,11:0-21:0,None
bQczh42duSfnETW-73xaTQ,Hardee's,4280 Highway 49 S,Harrisburg,NC,35.3226435,-80.6481118,2.5,7,,Restaurants;,,None,None,None,None,None,None,None
IfUkm42SB9D0m_ZbkQ711A,The Fish Store & Sandwiches,657 College Street,Toronto,ON,43.6549209,-79.4163139,4,138,Seafood;,Restaurants;,,10:30-20:0,10:30-20:0,10:30-20:0,10:30-20:0,10:30-20:0,10:30-20:0,None
7U23rwCmVWasFQ0cHRMYVw,China 8,"5602 Tenth Line W, Unit 110",Mississauga,ON,43.55892122,-79.74291622,3,14,Food;,Restaurants;,Chinese;Thai;,11:0-22:0,11:0-22:0,11:0-22:0,11:0-22:0,11:0-23:0,12:0-23:0,12:0-22:0
sUMi2q41l4AzOsmJMRY8zQ,Del Mar Deli,9777 Las Vegas Blvd S,Las Vegas,NV,36.01154119,-115.1758965,3.5,119,Delis;Sandwiches;,Restaurants;,,8:0-22:0,8:0-22:0,8:0-22:0,8:0-22:0,8:0-1:0,7:0-1:0,8:0-22:0
fdNolUeNOg7Y9lOYj9wc7g,Fix Coffee + Bikes,80 Gladstone Avenue,Toronto,ON,43.6450154,-79.4283625,4.5,6,Food;Coffee & Tea;,Coffee & Tea;,,8:0-17:0,8:0-17:0,8:0-17:0,8:0-17:0,8:0-17:0,9:0-17:0,9:0-17:0
CyKi4WgsRNpp3jgsxBEcDg,North Shore Pie,874 Eglinton Avenue E,Toronto,ON,43.7135396,-79.364984,4,34,Food;Bakeries;,Bakeries;Restaurants;,,7:0-18:0,7:0-18:0,7:0-18:0,7:0-18:0,7:0-18:0,7:0-17:0,8:0-15:0
_ewxwEwJM-IYfIYnKpQOZw,Mexicali Raspados,4865 S Pecos Rd,Las Vegas,NV,36.1006883,-115.1010833,4.5,47,Ice Cream & Frozen Yogurt;Shaved Ice;Hot Dogs;,Restaurants;,,11:0-20:0,11:0-20:0,11:0-20:0,11:0-20:0,11:0-21:0,11:0-21:0,11:0-21:0
sKIAHIGW0viQGFAMGgQ3Rg,Sushi Mugen,1105 Queen Street E,Toronto,ON,43.66203347,-79.33560839,4.5,6,Sushi Bars;,,Japanese;,11:0-22:0,11:0-22:0,11:0-22:0,11:0-22:0,11:0-22:0,12:30-22:0,16:0-21:0
EEePiBwchl-TIBVcTdE0RA,McDonald's,"Excalibur Food Court, 3850 Las Vegas Blvd S",Las Vegas,NV,36.098909,-115.175557,2,26,Burgers;Fast Food;,Fast Food;,,5:0-22:30,5:0-22:30,5:0-22:30,5:0-22:30,5:0-22:30,5:0-23:0,5:0-23:0
nsoSw8B3teY2FGAEPfiVfA,Choi's Kitchen,3369 Bloor Street W,Toronto,ON,43.6445955,-79.5226903,4,6,Chicken Wings;,Restaurants;,,None,11:0-23:0,11:0-23:0,11:0-23:0,11:0-23:0,12:0-0:0,12:0-0:0
qLCrPakPU9uArigtDu-KiQ,Uncle Mikey's,1597 Dundas Street W,Toronto,ON,43.6496731,-79.4348818,5,11,,Restaurants;,Korean;Canadian (New);,None,17:30-23:0,17:30-23:0,17:30-23:0,17:30-23:0,17:30-23:0,None
cRrwqSHsJLC9C6ZWJ50aFw,Harvey's Restaurants,13008 Yonge St,Richmond Hill,ON,43.9447561,-79.45530698,3.5,8,Burgers;,Restaurants;,American (Traditional);,10:30-22:0,10:30-22:0,10:30-22:0,10:30-23:0,10:30-23:0,10:30-23:0,10:30-22:0
Hrj-mkyOkyyjvGeruqDCyg,Hula Girl Espresso,456 Ossington Avenue,Toronto,ON,43.6547392,-79.4229743,4,4,Coffee & Tea;,Coffee & Tea;,,7:0-18:0,7:0-18:0,7:0-18:0,7:0-18:0,7:0-18:0,8:0-18:0,9:0-17:0
A029GQG1S3ekPit6cObcBA,Curry Garden,"1533 W Elliot Rd, Ste 101",Gilbert,AZ,33.3492557,-111.8223441,4,109,,Restaurants;,Indian;,None,17:0-21:0,17:0-21:0,17:0-21:0,17:0-21:0,17:0-21:0,17:0-21:0
ziEGXxNH55x7CMi0eAouKg,Little Tibet Restaurant,712 Queen St W,Toronto,ON,43.6463053,-79.4088793,4,3,,,Himalayan/Nepalese;,None,12:0-15:0,17:0-22:0,12:0-15:0,17:0-23:0,12:0-15:0,17:0-22:0
0v984vlPQfb4VZWvBJSsfg,Cosmos Cafe,300 N College St,Charlotte,NC,35.2278319,-80.8392384,3,59,Sushi Bars;,Restaurants;Lounges;,American (New);,11:0-2:0,11:0-2:0,11:0-2:0,11:0-2:0,11:0-2:0,17:0-2:0,None
JlIqG-00xE7ZpypSYq4uMQ,The Blacc Boxx,3011 W Lake Mead Blvd,North Las Vegas,NV,36.1969834,-115.1803758,4.5,9,Sandwiches;Bakeries;Food;Chicken Wings;,Bakeries;Cafes;Restaurants;,,8:0-20:0,8:0-20:0,8:0-20:0,8:0-20:0,8:0-21:0,8:0-21:0,11:0-19:0
QbEF8W1u5DIyO88z_ly_Og,Pies Unlimited,2465 W Craig Rd,North Las Vegas,NV,36.2383907,-115.1759944,4,14,Desserts;Custom Cakes;Cupcakes;,,,10:0-17:30,10:0-17:30,10:0-17:30,10:0-17:30,10:0-17:30,10:0-15:0,None
itnExCtgV-49SKgMs3M7kg,Chipotle Mexican Grill,899 N Ct St,Medina,OH,41.1361174,-81.7199467,3.5,18,,Restaurants;,Mexican;,10:45-22:0,10:45-22:0,10:45-22:0,10:45-22:0,10:45-22:0,10:45-22:0,10:45-22:0
t2GtB-aiOzrNnuGxZV190g,Diamond Pizza,510 Main Street,Toronto,ON,43.6947165,-79.3048792,2,13,Pizza;,,,11:0-0:30,11:0-0:30,11:0-0:30,11:0-0:30,11:0-1:0,11:0-1:0,11:0-23:30
J9f-9Prw2YVM-fiZqv2fmQ,Original Hot Dog Shop,3901 Forbes Ave,Pittsburgh,PA,40.442147,-79.956513,3.5,210,Hot Dogs;Pizza;,Restaurants;,,10:0-21:0,10:0-21:0,10:0-21:0,10:0-1:30,10:0-1:30,10:0-1:30,10:0-1:30
aR0kTa6WEFROLY5dJ4cmrg,Green Onion,2020 S Neil St,Champaign,IL,40.0909079,-88.2457381,3.5,17,Food;Ethnic Food;,Ethnic Food;,,10:0-20:0,10:0-20:0,10:0-20:0,10:0-20:0,10:0-21:0,10:0-21:0,10:0-20:0
O_UiTH7YjqTS1UTk-shFnA,Real Food Charlotte,"2102 South Blvd, #150",Charlotte,NC,35.208548,-80.86153,4,4,,Restaurants;Vegetarian;,,6:0-15:0,6:0-15:0,6:0-15:0,6:0-15:0,6:0-15:0,8:0-15:0,None
yIZROHhe6hfmmzLCtTIEJQ,Tootie's Place,6601 Las Vegas Blvd S,Las Vegas,NV,36.0680033,-115.1764458,2,3,Fast Food;,Restaurants;Fast Food;,,None,None,None,None,None,None,None
9YiIVnH_QokhOCqho28CPg,McDonald's,7051 South Blvd,Charlotte,NC,35.13813283,-80.87610865,1.5,5,Fast Food;,Fast Food;Restaurants;,,5:0-1:0,5:0-1:0,5:0-1:0,5:0-1:0,5:0-1:0,5:0-1:0,5:0-1:0
TIpwAF4h4A7Smj17T8uL9A,Brickhouse Burgers,8533 East Washington St,Chagrin Falls,OH,41.411177,-81.3377319,3,11,Burgers;,,,11:0-20:0,11:0-20:0,11:0-20:0,11:0-20:0,11:0-20:0,11:0-18:0,None
jLkowt2UH0d-L81NDndaxA,7-Eleven,600 Las Vegas Blvd N,Las Vegas,NV,36.17509874,-115.1364934,2,9,Food;,,,0:0-0:0,0:0-0:0,0:0-0:0,0:0-0:0,0:0-0:0,0:0-0:0,0:0-0:0
_100eEcCeQNu8Yz9Crlzhw,Food Depot Supermarket,3331 Sheppard Avenue E,Scarborough,ON,43.778649,-79.3081566,2,5,Food;,,,9:0-22:0,9:0-22:0,9:0-22:0,9:0-22:0,9:0-22:0,9:0-22:0,9:0-21:0
2utGLjz9HlhK6QqPOAtGHg,Tim Hortons,3310 Steeles Avenue W,Vaughan,ON,43.7741306,-79.5303915,2,3,Food;Donuts;Desserts;Coffee & Tea;Sandwiches;,Breakfast & Brunch;Restaurants;Coffee & Tea;,,0:0-0:0,0:0-0:0,0:0-0:0,0:0-0:0,0:0-0:0,0:0-0:0,0:0-0:0
#NAME?,Incredible India,"10635 Bramalea Road, Unit J7",Brampton,ON,43.7560452,-79.7590425,4,5,,,Indian;,11:0-22:0,None,11:0-22:0,11:0-22:0,11:0-22:30,11:0-22:30,11:0-22:0
7l7SQa3SYH8gCKqPKqdBPA,See's Candies,"4760 West Sahara Ave, Sahara Pavilion North Shopping Center",Las Vegas,NV,36.1461876,-115.2076743,4,15,Desserts;Specialty Food;,,,10:0-18:0,10:0-18:0,10:0-18:0,10:0-18:0,10:0-18:0,10:0-18:0,10:0-18:0
gchI4BdZ76teMX9BsI2H-w,Maria's Family Restaurant,22578 Lake Shore Blvd,Euclid,OH,41.611009,-81.523539,2.5,9,Salad;Seafood;,Steakhouses;Restaurants;Breakfast & Brunch;,Italian;,6:0-15:0,6:0-15:0,6:0-15:0,6:0-15:0,6:0-15:0,6:0-15:0,6:0-15:0
KhWl4Mwhm_Oqq0zIIz-0wQ,Carnival World & Seafood Buffet,3700 W Flamingo Rd,Las Vegas,NV,36.117506,-115.188844,2.5,508,Buffets;Seafood;,,,16:0-22:0,16:0-22:0,16:0-22:0,16:0-22:0,16:0-22:0,10:0-22:0,10:0-22:0
M6jDeU_3sigyxVnRgHTBDg,Jersey Mike's Subs,8440 E Washington St,Bainbridge,OH,41.41236,-81.3394068,4.5,5,Sandwiches;Fast Food;,Fast Food;Restaurants;,,None,None,None,None,None,None,None
#NAME?,Toro Sushi,8515 McCowan Road,Markham,ON,43.8681595,-79.283942,3.5,36,,,Japanese;Korean;,11:0-22:30,11:0-22:30,11:0-22:30,11:0-22:30,11:0-23:0,11:0-23:0,11:0-22:30
wtazPNyIbsRMHmrpEYbqZA,Golden Krust Caribbean Bakery & Grill,"440 E McCullough Dr, Ste 126",Charlotte,NC,35.302143,-80.7477477,3,38,Food;,Restaurants;,Caribbean;,10:0-21:0,10:0-21:0,10:0-21:0,10:0-21:0,10:0-22:0,10:0-22:0,11:30-18:30
NVzyNCSHRbOe0x1A74I61w,Westshore Pizza & Cheesesteaks,10021 W 130th St,Strongsville,OH,41.336466,-81.78479,2.5,5,Pizza;,Restaurants;,,None,None,None,None,None,None,None
v0byOL8VL6v6muGa1anxFA,The Hummus Factory,"7875 W Sahara Ave, Ste 101",Las Vegas,NV,36.1432041,-115.262866,4.5,214,Burgers;,Restaurants;,Greek;Middle Eastern;,11:0-21:0,11:0-21:0,11:0-21:0,11:0-21:0,11:0-22:0,11:0-22:0,11:0-20:0
eSQt_QNjxNEYN3bF1fHbQg,Monster Mash,20 Forrest Road,Edinburgh,EDH,55.9458,-3.1911,3.5,25,,Cafes;,British;,8:0-22:0,8:0-22:0,8:0-22:0,8:0-22:0,8:0-22:0,9:0-22:0,10:0-22:0
wFnMOhf51su_yIcHWdCeLw,Mama's Authentic Caribbean Restaurant,349 Marlee Avenue,Toronto,ON,43.7067653,-79.4426656,5,7,,Restaurants;,,11:0-20:0,11:0-20:0,11:0-20:0,11:0-20:0,11:0-20:0,11:0-20:0,None
aNe8ofTYrealxqv7VtFTuw,Sierra Gold,6515 S Jones Blvd,Las Vegas,NV,36.0703249,-115.2249525,3.5,215,Food;Pizza;,Restaurants;Bars;,American (New);,0:0-0:0,0:0-0:0,0:0-0:0,0:0-0:0,0:0-0:0,0:0-0:0,0:0-0:0
zxXOXs5v6EAbUhMTF9mxew,Sweets From Heaven,5000 S Arizona Mills Cir,Tempe,AZ,33.383123,-111.964485,1,3,Food;Specialty Food;,,,None,None,None,None,None,None,None
lHyTZFd8XXtvPwo-_qeTXA,Jersey Mike's Subs,10520 South Eastern,Henderson,NV,36.0005078,-115.105592,3.5,33,Fast Food;Delis;,Fast Food;Restaurants;,,10:0-21:0,10:0-21:0,10:0-21:0,10:0-21:0,10:0-21:0,10:0-21:0,10:0-21:0
0JLUC5A6Vk78qyitcWqGMQ,Pdq Food Stores,6133 McKee Rd,Fitchburg,WI,43.01500409,-89.46963648,3,4,Food;,,,12:0-0:0,12:0-0:0,12:0-0:0,12:0-0:0,12:0-0:0,12:0-0:0,12:0-0:0
WBlsdCXpzNcD67oQ_yyNDg,GS Supermarket,5127 W Glendale Ave,Glendale,AZ,33.537266,-112.1692755,4,11,Food;,,,9:0-21:0,9:0-21:0,9:0-21:0,9:0-21:0,9:0-21:0,9:0-21:0,9:0-21:0
a5xUI7TvsNhM5gZr6KowDg,Sesame Inn,711 Browns Ln,Pittsburgh,PA,40.54644648,-80.01902928,3.5,93,,Restaurants;,,11:30-22:0,11:30-22:0,11:30-22:0,11:30-22:0,11:30-23:0,11:30-23:0,12:0-21:0
HQObn6hrV9WoeFObGfa2YQ,Mucha Lucha Taco Shop,1530 S Val Vista Dr,Gilbert,AZ,33.322367,-111.756204,4.5,199,Tacos;,Restaurants;Tacos;,,9:0-20:0,9:0-20:0,9:0-20:0,9:0-20:0,9:0-20:0,9:0-20:0,9:0-20:0
pidpBdWsOFfe7pWypBIoiQ,Miga Korean Bistro,6112 W Flamingo Rd,Las Vegas,NV,36.1146002,-115.2252211,4,42,,Restaurants;,Hawaiian;Asian Fusion;,11:0-22:0,11:0-22:0,11:0-22:0,11:0-22:0,11:0-22:0,11:0-22:0,11:0-21:30
PgJgpW4TKQ8IoALH2Yq-zA,Bayside Buffet at Mandalay Bay,3950 S Las Vegas Blvd,Las Vegas,NV,36.09121926,-115.1758039,3,1033,Buffets;,Restaurants;,American (Traditional);,17:0-22:0,17:0-22:0,17:0-22:0,17:0-22:0,17:0-22:0,17:0-22:0,17:0-22:0
ez6zdZFFgHuMDda6YvOi6A,Yogurtz,"16995 W Greenway Rd, Ste 112",Surprise,AZ,33.63464494,-112.3753466,4,15,Ice Cream & Frozen Yogurt;,,,10:0-22:0,10:0-22:0,10:0-22:0,10:0-22:0,10:0-22:0,10:0-22:0,10:0-22:0
VqF6Uky7SGfjWitgxrhlJA,Little Caesars Pizza,6466 S Higley Rd,Gilbert,AZ,33.23194166,-111.7212182,4,9,Pizza;,,,None,None,None,None,None,None,None
pjQVoTe8BHboKn37uVLNjw,T Cafe,511 Bloor St W,Toronto,ON,43.6655013,-79.4087533,3.5,13,Food;,,,9:30-21:0,9:30-21:0,9:30-21:0,9:30-21:0,9:30-21:0,9:30-21:0,9:30-21:0
w55IYhyLHUdsRlo_EvMmNQ,Table 89,"7160 North Durango Dr, Ste 110",Las Vegas,NV,36.2914365,-115.2870159,3,76,Salad;Sandwiches;,Restaurants;,American (New);,12:0-20:0,12:0-20:0,12:0-20:0,12:0-20:0,12:0-20:0,12:0-20:0,None
kehXAzA57IiYvlsTv_N4Tg,The Birchmount Tavern,462 Birchmount Road,Scarborough,ON,43.7069858,-79.2681486,2.5,3,,Bars;,,10:0-23:0,10:0-23:0,10:0-23:0,10:0-23:0,10:0-2:0,10:0-2:0,11:0-18:0
7fSE99-qeIVXpkbNkheeHg,Wendy's,5961 Hurontario Street,Mississauga,ON,43.62651832,-79.67889009,3,4,Fast Food;,Restaurants;Fast Food;,,None,None,None,None,None,None,None
S8FDnhP4WKlRhJxSIkcxFg,Modern Round,8320 W Mariners Way,Peoria,AZ,33.629059,-112.2381128,3.5,130,Food;,Bars;Restaurants;,American (New);,11:0-0:0,11:0-0:0,11:0-0:0,11:0-0:0,11:0-2:0,11:0-2:0,11:0-0:0
EC7NrIHKk6i3US_XJlDWDA,Julio's Too,7305 E Camelback Rd,Scottsdale,AZ,33.5019605,-111.9230924,4,166,,Restaurants;,,11:0-21:0,11:0-21:0,11:0-21:0,11:0-21:0,11:0-22:0,11:0-22:0,11:0-22:0
kyphxFtMIC6w7ktg-fwxWA,Panera Bread,11490 Euclid Ave,Cleveland,OH,41.509763,-81.603852,2,41,Food;Salad;Sandwiches;Bagels;,Restaurants;Breakfast & Brunch;,,6:30-21:0,6:30-21:0,6:30-21:0,6:30-21:0,6:30-21:0,7:0-21:0,8:0-20:0
kQAUenIV0_kJmQ8wEsGMeQ,Fresh Vitamins,9833 W Bell Rd,Sun City,AZ,33.6371153,-112.2712349,4.5,3,Specialty Food;,,,9:0-17:0,9:0-17:0,9:0-17:0,9:0-17:0,9:0-17:0,9:0-16:0,None
YT9zQ9dL4sFZg0Y8IPK6CQ,Souper Market,14809 Detroit Ave,Lakewood,OH,41.4850994,-81.800013,4.5,61,,Restaurants;Vegetarian;,,11:0-20:0,11:0-20:0,11:0-20:0,11:0-20:0,11:0-20:0,11:0-18:0,None
b6ucK0IXd9L4pBYrysBNLg,Captain's Cap of Gastonia Number 1,3140 Linwood Rd,Gastonia,NC,35.2321928,-81.2359454,3,8,Seafood;,,,None,None,None,None,None,None,None
5vgieFiCubi43G6ciiFhNQ,CC Lounge & Whisky Bar,45 Front Street E,Toronto,ON,43.6479658,-79.3745153,4.5,53,,Restaurants;Whiskey Bars;Bars;Cocktail Bars;,American (Traditional);,16:0-23:0,16:0-23:0,16:0-0:0,16:0-2:0,16:0-2:0,17:0-2:0,None
vhKUBKcOm8zOLxeS3XM9iA,Rosati's Pizza,"4010 E Bell Rd, Ste 101",Phoenix,AZ,33.6418473,-111.9955708,3,67,,Restaurants;,,11:0-21:0,11:0-21:0,11:0-21:0,11:0-21:0,11:0-22:0,11:0-22:0,11:0-21:0
ljuYsa-fVptTin3158qZHQ,Pizza Pizza,707 Lakeshore Road E,Mississauga,ON,43.570217,-79.566431,2.5,3,Chicken Wings;Pizza;,,Italian;,11:0-2:0,11:0-2:0,11:0-2:0,11:0-3:0,11:0-3:0,11:0-3:0,11:0-2:0
frCxZS7lPhEnQRJ3UY6m7A,La Santisima,1919 N 16th St,Phoenix,AZ,33.469201,-112.047393,4,1694,,Vegetarian;Bars;Restaurants;Breakfast & Brunch;,Mexican;,8:0-21:0,8:0-21:0,8:0-21:0,8:0-21:0,8:0-23:0,8:0-23:0,8:0-21:0
voLJgLfvODVSQc_mW7x6Hg,Mucho Burrito,"140 Taunton Road W, Unit A1",Whitby,ON,43.9160426,-78.9588872,4,15,,Restaurants;,,10:30-23:0,10:30-23:0,10:30-23:0,10:30-23:0,10:30-23:0,10:30-23:0,10:30-22:30
7kO8bObVGFa-T3mj6PVYsg,Quiznos,730 E Flamingo Rd,Las Vegas,NV,36.114988,-115.147904,5,4,,Restaurants;,,None,None,None,None,None,None,None
Z1etKi_kBsMr3oGolRrGaA,Sauce Pot,807 5th Ave,Coraopolis,PA,40.5198509,-80.1698834,4.5,4,,Restaurants;,,None,None,None,None,None,None,None
5Y-p9QJLrg2P0I8RjJ9TTQ,Chang Jiang,4929 Commercial Ave,Madison,WI,43.10563415,-89.29670107,3,9,,Restaurants;,,11:0-22:0,11:0-22:0,11:0-22:0,11:0-22:0,11:0-22:30,11:0-22:30,12:0-22:0
9L8UgjIvLfwylrFacB2HuA,Café Holts,1300 Sherbrooke Street West,Montréal,QC,45.499329,-73.578529,4,15,,Restaurants;Cafes;,Canadian (New);American (New);,10:0-18:0,10:0-18:0,10:0-18:0,10:0-21:0,10:0-21:0,9:30-18:30,11:0-18:0
OQtldLhTbdyRRYSdA5rxRw,The Bier Markt,55 City Centre Dr,Mississauga,ON,43.5939064,-79.63827454,3,105,Beer;Food;,Bars;,Canadian (New);,11:30-0:0,11:30-0:0,11:30-0:0,11:30-2:0,11:30-2:0,11:30-2:0,11:30-0:0
84OaY6g32C6PiRXXd3suuw,ARCO ampm,7262 S Fort Apache Rd,Las Vegas,NV,36.05597123,-115.2970411,2,26,Food;,,,None,None,None,None,None,None,None
x1IPOlH_O5D3qZdZo6YyEA,Florentia,579 Mount Pleasant Road,Toronto,ON,43.7035596,-79.3879764,3.5,17,,Restaurants;,,11:30-22:0,11:30-22:0,11:30-22:0,11:30-22:0,11:30-22:0,11:0-22:0,11:0-22:0
WtqzJcXEt5lc0hSeJ-bAJg,Bob Evans,16706 Northcross Dr,Huntersville,NC,35.44222026,-80.87355852,3,24,Salad;,Breakfast & Brunch;Restaurants;,American (Traditional);,7:0-21:0,6:0-21:0,6:0-21:0,6:0-21:0,6:0-21:0,6:0-21:0,6:0-21:0
hJX8WoV-KbFVHojZ6i83Cg,Quiznos,901 S Rancho Dr,Las Vegas,NV,36.1604805,-115.17233,3.5,17,Sandwiches;Fast Food;,Fast Food;Restaurants;,,None,None,None,None,None,None,None
om4t1hDJRQqTRS9VT7ADhA,Q Tavern,201 S McDowell St,Charlotte,NC,35.21892237,-80.83615344,3,27,,Restaurants;Southern;Gastropubs;Bars;,,11:0-23:0,11:0-23:0,11:0-23:0,11:0-23:0,11:0-23:0,11:0-23:0,11:0-23:0
mI5UYpuYxjiumMLgANoa9A,Filiberto's Mexican Food,3636 E. Baseline Rd,Mesa,AZ,33.37946745,-111.7529941,2.5,70,,,Mexican;,0:0-0:0,0:0-0:0,0:0-0:0,0:0-0:0,0:0-0:0,0:0-0:0,0:0-0:0
gwYt_q3Ob7aQJIefIBsZiQ,Raising Cane's,7135 S Rainbow Blvd,Las Vegas,NV,36.058716,-115.2433571,4,264,Fast Food;Chicken Wings;,Fast Food;,American (Traditional);,9:0-1:30,9:0-1:30,9:0-1:30,9:0-1:30,9:0-1:30,9:0-1:30,9:0-1:30
#NAME?,Del Taco,1811 W Craig Rd,North Las Vegas,NV,36.239068,-115.167814,2,21,Fast Food;,Restaurants;Fast Food;,,0:0-0:0,0:0-0:0,0:0-0:0,0:0-0:0,0:0-0:0,0:0-0:0,0:0-0:0
MWcN6qLWTfRJqLySxwJNqQ,Kabob Place,26569 Center Ridge Rd,Westlake,OH,41.4510113,-81.914599,4,42,Food;,Restaurants;,Middle Eastern;Indian;American (New);,None,11:30-21:30,11:30-21:30,11:30-21:30,11:30-21:30,11:30-22:0,11:30-20:30
tjKpw0PIymLyd5dWTYh2aQ,Bagel World,336 Wilson Avenue,Toronto,ON,43.7368719,-79.4376865,3.5,27,Bagels;,,,None,None,None,None,None,None,None
kiU9C58n7dgygdrpjOQXMQ,Los Jarochos Restaurant,4811 S Rainbow Blvd,Las Vegas,NV,36.101319,-115.244375,4,62,,Restaurants;,,None,10:0-22:0,10:0-22:0,10:0-22:0,10:0-23:0,10:0-23:0,10:0-22:0
m7pPqt6UY-S1Wy0iR2IqZA,Mist Bar and Lounge,"Treasure Island Hotel & Casino, 3300 Las Vegas Blvd S",Las Vegas,NV,36.13050208,-115.1687265,3,21,,Lounges;,,17:0-4:0,17:0-4:0,17:0-4:0,17:0-4:0,17:0-4:0,17:0-4:0,17:0-4:0
1W_gZM_uuEvJqapbIl6z9Q,El Charro,582 Parliament Street,Toronto,ON,43.6677846,-79.3697286,4.5,31,Food;,Restaurants;Food Stands;,,11:0-21:0,11:0-21:0,11:0-21:0,11:0-21:0,11:0-21:0,12:0-21:0,12:0-21:0
HkmT3UNSG8_xhdbT548PYg,7-Eleven,240 Carowinds Blvd,Fort Mill,SC,35.09496436,-80.93523592,2.5,3,Food;,,,0:0-0:0,0:0-0:0,0:0-0:0,0:0-0:0,0:0-0:0,0:0-0:0,0:0-0:0
xfbjRpE3yhRQ9Zw-D_mBgQ,Nunu Ethiopian Fusion,1178 Queen Street W,Toronto,ON,43.642969,-79.4257048,4,70,,Restaurants;,,None,17:0-0:0,17:0-0:0,17:0-0:0,17:0-0:0,17:0-2:0,None
N0N4mD2DTgR4BR8SlIwLSA,Vineyard Jamaican Restaurant,12612 Highway 50,Caledon,ON,43.8601884,-79.71341458,4,8,,,Caribbean;,None,None,None,None,None,None,None
7Zt5xgAmPjpc5yfyC9mHYQ,Brickyard Grounds,1289 Gerrard Street E,Toronto,ON,43.6707376,-79.3280955,4,15,Food;Coffee & Tea;,Cafes;Coffee & Tea;Restaurants;,,None,8:0-16:0,8:0-16:0,8:0-16:0,8:0-16:0,8:0-15:0,8:0-15:0
7W9I_S3llnTAW1B-iCoM6g,La Bulle au Carré,3482 Rue Saint-denis,Montréal,QC,45.5175824,-73.5687815,3.5,24,Creperies;,Restaurants;,,16:30-22:0,16:30-22:0,11:0-22:0,11:0-22:0,11:0-22:0,10:0-22:0,10:0-22:0
rwKSKNRKXVERaltnjVltEA,Arcade Pizza,5319 Broadway Ave,Cleveland,OH,41.4688917,-81.6527921,3.5,18,Pizza;Fast Food;,Fast Food;,,4:0-16:0,4:0-16:0,4:0-16:0,4:0-16:0,4:0-16:0,4:0-16:0,4:0-16:0
l0WauZ92kRg9bu2oxHj4TQ,Aiello's East Coast Italian,"777 E Thunderbird Rd, Ste 100",Phoenix,AZ,33.607105,-112.063427,4,130,,Restaurants;,,11:0-21:0,11:0-21:0,11:0-21:0,11:0-21:0,11:0-22:0,11:0-22:0,11:0-20:0
0g1uU280KFaGT9ZhhCrfhg,Ristorante Pizzeria La Taverna da Enzo,Karl-Pfaff-Str. 53,Stuttgart,BW,48.7504719,9.1726681,3,4,,Restaurants;,,None,None,None,None,None,None,None
1Xh1i3SYhQ2I48iiwXnyxQ,McDonald's,2701 Lawrence Avenue E,Scarborough,ON,43.7518796,-79.2607948,3,5,Fast Food;,Restaurants;Fast Food;,,9:0-9:0,9:0-9:0,9:0-9:0,9:0-9:0,9:0-9:0,9:0-9:0,9:0-9:0
Y8L-n2BUbCr31by8eYBazg,Banya Tamazonka,2070 S Taylor Rd,Cleveland,OH,41.502577,-81.556349,4,4,,Restaurants;,,None,None,None,None,None,None,None
lxZoKGTQvsTFrahsYrPFKQ,Quik Chik,"3355 Hurontario Street, Unit 1-2",Mississauga,ON,43.587621,-79.626502,3.5,19,,Restaurants;,,11:0-23:0,11:0-23:0,11:0-23:0,11:0-23:0,11:0-23:30,9:0-23:30,9:0-23:0
M9fOuiesoUSaouOqNQ3U2w,Wong's Place,1825 E Baseline Rd.,Tempe,AZ,33.3779385,-111.9062779,4,149,,,Chinese;,11:0-21:30,11:0-21:30,11:0-21:30,11:0-21:30,11:0-21:30,11:0-21:30,11:30-21:0
RBOXMNb_gzdmy1CRPxv_4A,The Abbey Bar & Restaurant,"Main Street, Carrigaline",Main Street,CO,51.81243799,-8.39263536,3,3,,Bars;,Irish;,None,None,None,None,None,None,None
bwE6ur74Gd4BTaXBHudsCQ,Pomme Frite,19 Rue Blainville O,Sainte-Thérèse-de-Blainville,QC,45.63946693,-73.84227801,5,7,Burgers;,Restaurants;,,11:30-20:0,11:30-20:0,11:30-20:30,11:30-21:0,11:30-22:0,12:0-20:0,12:0-17:0
o8TpuB5PmdXXYQhG_SxmhQ,Grande Pizza,12120 Rte 30,North Huntington,PA,40.33179,-79.7416919,3,14,Pizza;,,,11:0-22:0,11:0-22:0,11:0-22:0,11:0-22:0,11:0-23:0,11:0-22:30,12:0-22:0
oCsMUWF8gudHBE4lga0Bpw,Domino's Pizza,33670 Aurora Rd,Solon,OH,41.384607,-81.439568,2.5,7,Pizza;Chicken Wings;,Restaurants;,,10:0-0:0,10:0-0:0,10:0-0:0,10:0-0:0,10:0-1:0,10:0-1:0,10:30-0:0
SCDym9EeJT8YUkaqVO4cZQ,Camille's Sidewalk Cafe,4596 5th Ave,Pittsburgh,PA,40.7852453,-80.3314019,3.5,7,Sandwiches;,,,None,None,None,None,None,None,None
bAdwf-n52f46-ZjlfJ1Hwg,Roberto's Taco Shop,7251 W Azure Dr,Las Vegas,NV,36.2730147,-115.2518622,2.5,26,Fast Food;,Fast Food;,Mexican;,None,None,None,None,None,None,None
VQBOBXLk8f5dxtP1-_yPUw,Teara Lab,181 College Street,Toronto,ON,43.6588998,-79.3942527,3.5,35,Sandwiches;,Restaurants;,Japanese;,11:0-21:30,11:0-21:30,11:0-21:30,11:0-21:30,11:0-21:30,11:0-18:30,11:0-18:30
ijg7qQCYnhUWBd5JUxbfvA,Roxy's Diner,2000 Las Vegas Blvd S,Las Vegas,NV,36.14770952,-115.1552059,3,357,Burgers;Food;,Restaurants;Breakfast & Brunch;Diners;,,0:0-0:0,0:0-0:0,0:0-0:0,0:0-0:0,0:0-0:0,0:0-0:0,0:0-0:0
crGdKSRKi25R2vorZ7skzg,Tortilleria San Diego,235 N Eastern Ave,Las Vegas,NV,36.1656584,-115.1165785,4.5,3,,Restaurants;,,7:0-20:0,7:0-20:0,7:0-20:0,7:0-20:0,7:0-20:0,7:0-20:0,7:0-17:0
UxabpWEP0L3PT6syGLSgqw,Restaurant Madagascar,Filderstr. 61,Stuttgart,BW,48.76352,9.1685,4,31,,Bars;Cocktail Bars;Restaurants;,African;,None,17:0-1:0,17:0-1:0,17:0-1:0,17:0-1:0,17:0-1:0,17:0-1:0
YgwqL9w6jbz5cCJqVzFBRw,"Rod, Gun & Barbers",2877 Dundas Street W,Toronto,ON,43.66542491,-79.46532784,3.5,10,,Bars;,,14:0-22:0,10:0-22:0,10:0-22:0,10:0-22:0,9:0-20:0,9:0-20:0,9:0-19:0
IqsQRoiVE535Z2JR-7xoWQ,Jack in the Box,2145 E University Dr,Tempe,AZ,33.4217141,-111.8937627,2,12,,Restaurants;,,5:0-3:0,5:0-3:0,5:0-3:0,5:0-3:0,5:0-3:0,5:0-3:0,5:0-3:0
2WiuLnyR8UWXjYQKgKBjkg,Narula's,"6435 Dixie Road, Suite 10",Mississauga,ON,43.66462,-79.65855,3.5,15,Barbeque;Fast Food;,Barbeque;Fast Food;,Indian;,11:30-21:30,11:30-21:30,11:30-21:30,11:30-21:30,11:30-23:0,12:30-23:0,None
3c6FN1VrCAV4s60PsWTCLA,Pho All Seasons,1116 S Dobson Rd,Mesa,AZ,33.3944997,-111.8748402,3,14,,Restaurants;,,None,None,None,None,None,None,None
marrqbEXmEgyY90Or2vqKw,Tim & Sue's No Frills,372 Pacific Ave,Toronto,ON,43.664243,-79.4686437,3,20,Food;,,,8:0-21:0,8:0-21:0,8:0-21:0,8:0-21:0,8:0-21:0,8:0-20:0,8:0-19:0
X5_S7gY8LZdebxMzAGd9Kw,The Cake Boutique,358 Wilson Ave,Toronto,ON,43.7368037,-79.4384246,1.5,3,Bakeries;,Bakeries;,,None,None,None,None,None,None,None
V2_MoJphE47wYFazVF1cSQ,Pizza Pizza,710 Burnhamthorpe Road E,Mississauga,ON,43.6079011,-79.6176517,2.5,5,Pizza;Chicken Wings;,Restaurants;,,11:0-2:0,11:0-2:0,11:0-2:0,11:0-3:0,11:0-3:0,11:0-3:0,11:0-3:0
glc0_AbiJmdzAxC-rBIHJQ,Joyful Delights,,Scottsdale,AZ,33.468848,-111.910516,5,3,Food Trucks;Shaved Ice;Ice Cream & Frozen Yogurt;,,,8:0-20:0,8:0-20:0,8:0-20:0,8:0-20:0,8:0-20:0,8:0-20:0,8:0-20:0
C2mqIEnUWeo1UOcW00nWtA,Station Brake Cafe,500 Station St,Wilmerding,PA,40.3934347,-79.8101522,4,15,Sandwiches;Seafood;,Bars;Lounges;Restaurants;,,None,16:0-22:0,16:0-22:0,16:0-22:0,16:0-22:0,17:0-22:0,16:0-22:0
Ka3z0iudeviL2nEKZ4BeYg,Tijuana Flats,1608 E Blvd,Charlotte,NC,35.199187,-80.841455,4,50,Food;,Restaurants;,Mexican;,11:0-21:0,11:0-21:0,11:0-21:0,11:0-21:0,11:0-21:0,11:0-21:0,11:0-21:0
v0KawuAO7clhXCDKobFs0g,Currito - Burritos Without Borders,Pittsburgh International Airport,Pittsburgh,PA,40.49630914,-80.24615765,3,71,,,Mexican;,None,None,None,None,None,None,None
l_eFv9Q9Q8RBLqfJJXi9ug,Subway,1196 E Tropicana Ave,Las Vegas,NV,36.1015578,-115.1374328,2,4,Sandwiches;,Restaurants;,,None,None,None,None,None,None,None
z5eeJA-ItO9EZDkQUoxGyA,Frozen Creamery,"744 W Ray Rd, Ste 103",Gilbert,AZ,33.3216688,-111.8056712,4,40,Coffee & Tea;Desserts;Food;,Coffee & Tea;Juice Bars & Smoothies;,,8:0-21:0,8:0-21:0,8:0-21:0,8:0-21:0,8:0-21:0,None,9:0-20:0
7yTtTjsZLi5Ef1vsr6ZPTw,Panera Bread,9995 W Mcdowell Rd,Avondale,AZ,33.46437576,-112.2742707,2.5,75,Bakeries;Soup;Sandwiches;Salad;Food;,Bakeries;,,6:0-22:0,6:0-22:0,6:0-22:0,6:0-22:0,6:0-22:0,6:0-22:0,7:0-22:0
R06MTQpLNdsnr5wrCkMXfQ,Doubleday's,121 6th St,Pittsburgh,PA,40.4435521,-80.0022028,3.5,23,Burgers;,Bars;Restaurants;,,11:0-2:0,11:0-2:0,11:0-2:0,11:0-2:0,11:0-2:0,14:0-2:0,16:0-21:0
PYg9hhTfuE1HMwzXCAl1Hg,Tiffany Thaistyle,Schulstr. 10 A,Stuttgart,BW,48.77589,9.17722,3.5,28,,Restaurants;,,11:30-0:0,11:30-0:0,11:30-0:0,11:30-0:0,11:30-0:0,11:30-0:0,11:30-0:0
GCRvrxMSC1nzShyM4Y-guQ,Body English,"Hard Rock Hotel & Casino, 4455 Paradise Rd",Las Vegas,NV,36.109519,-115.153331,3.5,264,,Bars;Lounges;,,None,None,None,None,22:30-4:0,22:30-4:0,None
u-SvRRAfYgpbXZRfQgcTzA,Imadake,4006 Rue Sainte-Catherine O,Montréal,QC,45.488795,-73.584954,4,231,,Bars;,French;Japanese;,12:0-14:30,12:0-14:30,12:0-14:30,17:0-23:30,12:0-14:30,17:0-1:0,17:0-22:30
3GGmY_QhqHnIEqk62p7cVA,Hwy 55 Burgers Shakes & Fries,4435 Hwy 49 S,Harrisburg,NC,35.32191845,-80.6490469,3.5,42,Food;Fast Food;Cheesesteaks;Ice Cream & Frozen Yogurt;,Fast Food;Restaurants;Cheesesteaks;,American (Traditional);,11:0-21:0,11:0-21:0,11:0-21:0,11:0-21:0,11:0-22:0,11:0-22:0,11:0-21:0
nWMMI1z73AZOCRMSw1b5SA,Urraca Resto Lounge,19A Finch Avenue W,Toronto,ON,43.77920914,-79.41725159,3,10,,Restaurants;Lounges;Bars;,Asian Fusion;,None,17:0-1:0,17:0-1:0,17:0-2:0,17:0-2:0,18:0-2:0,18:0-1:0
h-0XrhrGqWcDtTa3BiYqBw,Rustic Bakery,318 Rustic Rd,North York,ON,43.7155912,-79.4902935,4,17,Food;,,,None,None,None,None,None,None,None
zcVZc4SadqLgUHKWL2ZilQ,ChefKas Catering,,Las Vegas,NV,36.0809667,-115.2244853,4.5,25,Food;,Juice Bars & Smoothies;Personal Chefs;,,10:0-20:30,10:0-20:30,10:0-20:30,10:0-20:30,10:0-20:30,10:0-19:0,10:0-18:0
ZyIlYBpGnRsLeoEfXo-mxg,On The Green Sports Grill,801 S Power Rd,Mesa,AZ,33.3997189,-111.6841436,3.5,36,,,American (New);,11:0-0:0,11:0-0:0,11:0-0:0,11:0-0:0,11:0-2:0,11:0-2:0,9:30-0:0
HIvLwkEYuGRtI17H2x7RuQ,Bold Food & Drink,1121 W 10th St,Cleveland,OH,41.5006258,-81.7043299,4,114,,Restaurants;,American (New);,11:0-22:30,11:0-22:30,11:0-22:30,11:0-22:30,11:0-23:0,11:0-23:0,11:0-22:0
irQ0cNh04sg90B1NN-ekDA,Diva,"167 Applewood Crescent, Suite 1",Vaughan,ON,43.8079673,-79.5341753,4,13,Burgers;Salad;,Breakfast & Brunch;Restaurants;,,7:0-17:0,7:0-17:0,7:0-17:0,7:0-17:0,7:0-17:0,8:0-15:0,None
RjZP38S11LqnPcoMxHESug,Burro Burrito,388 Richmond Street W,Toronto,ON,43.6481029,-79.394857,4,38,,Restaurants;,,11:30-21:0,11:30-21:0,11:30-21:0,11:30-21:0,11:30-21:0,None,None
d_cDUNNrt7046lrxAE04vA,Dunkin' Donuts,815 E Aurora Rd,Macedonia,OH,41.31418,-81.509559,2.5,12,Food;Coffee & Tea;,Coffee & Tea;,,5:0-22:0,5:0-22:0,5:0-22:0,5:0-22:0,5:0-22:0,5:0-22:0,5:0-22:0
Y4JxC1jgesxOzqUyGFwlEA,UNLV Rock n' Brew Beer & Music Festival,4321 W Flamingo Rd,Las Vegas,NV,36.11389852,-115.1959513,3,3,,Bars;,,None,None,None,None,None,None,None
RO_QEX7VVdp698w_7mymuw,Suriya,Gänsfußallee 40,Ludwigsburg,BW,48.892929,9.1747099,3.5,29,,Restaurants;,,12:0-14:0,17:30-22:0,17:30-22:0,17:30-22:0,17:30-22:0,17:30-22:30,17:30-22:0
mYeUwj1BlhJTaHd1Uo6PUA,Kimo's Sushi Shop,1885 Fulton Rd,Cleveland,OH,41.483162,-81.710129,4,3,,Restaurants;,,None,None,None,None,None,None,None
T8GUNVlPTk_weZw69Vn5mg,Dunkin' Donuts,"3027 Graham Rd, Ste 4",Stow,OH,41.16707674,-81.40481241,1,3,Coffee & Tea;Food;,Coffee & Tea;,,5:0-22:0,5:0-22:0,5:0-22:0,5:0-22:0,5:0-22:0,5:0-22:0,5:0-22:0
ceVWEkif38SMGNcBR55PNA,Tay-Yo Sushi Seafood Buffet,9570 S Eastern Ave,Henderson,NV,36.0151363,-115.1184733,2,4,Buffets;,Restaurants;,,None,None,None,None,None,None,None
VZtXF2A-MNt5J6d6ih7tkA,Aldi Grocery,3102 E University Ave,Urbana,IL,40.11390686,-88.1641922,4,7,Food;,,,9:0-20:0,9:0-20:0,9:0-20:0,9:0-20:0,9:0-20:0,9:0-20:0,9:0-19:0
QA-vE43hE0Rd1CQgBboyNA,In N Out Pita,"10520 Yonge Street, Unit 38B",Richmond Hill,ON,43.8841094,-79.4407559,3.5,17,,,Middle Eastern;,11:0-21:0,11:0-21:0,11:0-21:0,11:0-21:0,11:0-21:0,11:0-19:0,12:0-17:0
NL95JTNTh_gebXKSz2ElNg,Alaskan Pride Seafoods,3634 E Indian School Rd,Phoenix,AZ,33.49542476,-112.003463,4.5,31,Food;Specialty Food;,,,None,11:0-18:0,11:0-18:0,11:0-18:0,11:0-18:0,11:0-17:0,12:0-16:0
7Zmxle5A6XTZACIHgiC98Q,Kashman's Place,"23425 N Scottsdale Rd, Ste 6",Scottsdale,AZ,33.519588,-111.909524,3.5,21,Bagels;Delis;,Restaurants;,,None,None,None,None,None,None,None
ZPZYNq9fNu2GyeCSz7U-fg,Five Star Tavern,4220 E Charleston Blvd,Las Vegas,NV,36.1590151,-115.0850773,3,6,,Bars;Restaurants;,American (New);,None,None,None,None,None,None,None
6aCNQyvawPeabTzCX00UIw,Secret Cellar,176 E Main St,Kent,OH,41.1535164,-81.356653,3.5,11,,Bars;Wine Bars;,,None,17:0-23:0,17:0-23:0,17:0-23:0,17:0-1:0,17:0-1:0,None
LquC3-q4KBVle6HSE5cRjQ,LCBO,"85 Hanna Avenue, Unit 103",Toronto,ON,43.63962675,-79.42054957,3,10,Beer;,,,10:0-22:0,9:30-22:0,9:30-22:0,9:30-22:0,9:30-22:0,9:30-22:0,11:0-18:0
S68q2ejdupCsFOPQ-oRDmQ,Taza Xpress,"2911 Eglinton Avenue W, Unit D3",Mississauga,ON,43.551131,-79.715957,4,22,Sandwiches;,Restaurants;,Middle Eastern;Egyptian;,10:30-22:0,10:30-22:0,10:30-22:0,10:30-22:0,10:30-23:0,10:30-23:0,10:30-22:0
hPTx2Y5e4Czbr21XcbDN8g,Mei Nung Beef Noodle House,"3229 Highway 7 E, Unit 15",Markham,ON,43.851504,-79.351891,4,196,,Restaurants;,Chinese;,11:30-22:0,None,11:30-22:0,11:30-22:0,11:30-22:30,11:0-22:30,11:0-22:0
w_vkR8qzclBU15ygRc8jfQ,Marsala's Pizza and Ristorante,421 E Main St,Stoughton,WI,42.916665,-89.215815,4,4,Pizza;,,,None,None,None,None,None,None,None
tFNNWKW_L8wM592nUy4M4Q,Crimson Teas,233 College Street,Toronto,ON,43.65813035,-79.39787384,5,11,,Tea Rooms;,,9:0-20:0,9:0-20:0,9:0-20:0,9:0-20:0,9:0-20:0,13:0-19:0,13:0-19:0
nA4jm1nIdSXZTKd5TYH79A,The Works Gourmet Burger Bistro,2245 Bloor Street W,Toronto,ON,43.6507359,-79.4774407,3.5,58,Burgers;,,,None,None,None,None,None,None,None
57nuqvG7IYS58-WAalEH3w,Sushi Shop,915 De Maisonneuve Boul W,Montréal,QC,45.5024719,-73.5731847,2,7,,Restaurants;,,None,None,None,None,None,None,None
6wZdg1ursk12C3CTnF0gcg,Ruby's Mediterranean Cuisine,1 Eglinton Square,Scarborough,ON,43.7240525,-79.3011688,4.5,21,,,Middle Eastern;,9:0-21:0,9:0-21:0,9:0-21:0,9:0-21:0,9:0-21:0,9:0-18:0,9:0-18:0
UqcK-YuHPzcWQtNjmhTb7g,The Other Place,2-4 Broughton Road,Edinburgh,EDH,55.96252077,-3.196318338,3.5,22,,Restaurants;Brasseries;Bars;Gastropubs;,,11:0-1:0,11:0-1:0,11:0-1:0,11:0-1:0,11:0-1:0,9:0-1:0,9:0-1:0
gmRoqDnXnA3PLk0JbOZZ3g,Léché Desserts,640 Rue de Courcelle,Montréal,QC,45.474108,-73.592362,4,75,Bakeries;Food;Donuts;,Bakeries;,,9:0-18:0,9:0-18:0,9:0-18:0,9:0-18:0,9:0-18:0,9:0-17:0,9:0-17:0
XBDe0pFAw1B32tpAQN5t2g,holts café,"50 Bloor Street West, Fl 2",Toronto,ON,43.6703401,-79.3882622,3.5,38,,Cafes;Breakfast & Brunch;,,10:0-20:0,10:0-20:0,10:0-20:0,10:0-21:0,10:0-21:0,10:0-20:0,11:0-19:0
rNbAIbTn0zN8yNk0IV7dfQ,The Cake Artist's Studio,1100 W Bloomington Rd,Champaign,IL,40.135026,-88.263165,4.5,32,Bakeries;Food;,Bakeries;,,None,10:0-18:0,10:0-18:0,10:0-18:0,10:0-18:0,10:0-14:0,0:0-2:0
nF5TXLMmC6IJgQxE9CEZPw,Sun Penang,5829 Forbes Ave,Pittsburgh,PA,40.4382561,-79.9218667,3,148,,,Malaysian;,11:0-22:0,11:0-22:0,11:0-22:0,11:0-22:0,11:0-23:0,11:0-23:0,11:0-22:0
jf_h_Y8iNaduXJvpgLRPng,Native Grill & Wings,2110 S Gilbert Rd,Chandler,AZ,33.27633164,-111.7902894,3,195,Chicken Wings;,Bars;Restaurants;,American (New);,11:0-0:0,11:0-0:0,11:0-0:0,11:0-0:0,11:0-2:0,11:0-2:0,11:0-23:0
Yar8jR2a1XA2JuRKfmNDcw,Palms Restaurant,3502 West Greenway Rd,Phoenix,AZ,33.6259523,-112.1343378,5,3,Food;,Restaurants;,Greek;Mediterranean;,None,10:0-20:0,10:0-20:0,10:0-20:0,10:0-20:0,10:0-20:0,11:0-17:0
NlBifQZCNUAnbuo_wKIVpg,Bada Bing Pizza,36 S State St,Painesville,OH,41.725245,-81.240953,4.5,31,Pizza;,,Italian;,None,11:0-21:0,11:0-21:0,11:0-21:0,11:0-22:0,12:0-22:0,16:0-20:0
OsuBqr2L0-5W8LGAsg-p8g,Micky's Hot Dogs,108 W Broadway Rd,Mesa,AZ,33.4080371,-111.8346059,4,115,Fast Food;,Fast Food;Restaurants;,Mexican;,11:0-23:0,11:0-23:0,11:0-23:0,11:0-23:0,11:0-1:0,11:0-1:0,11:0-1:0
8v7nrjG5K0cMleIP4Kit-w,Ten23,"3100 Steeles Avenue E, Unit 102",Markham,ON,43.8149579,-79.3470753,3,32,,Bars;Lounges;,Asian Fusion;,12:0-3:0,12:0-3:0,12:0-3:0,12:0-3:0,12:0-3:0,12:0-3:0,12:0-3:0
RfZjZ1SPN69s7xhlP_QeMQ,Fred's Breads and More,2330 Broadview Rd,Cleveland,OH,41.439495,-81.700901,4,4,Bakeries;,Bakeries;,,None,None,None,None,None,None,None
JtqR1wd20z0E7W9Ix76uWg,Circle K Stores,1264 N Litchfield Rd,Goodyear,AZ,33.4603107,-112.3586528,3,6,Food;,,,None,None,None,None,None,None,None
AYe8rS3qBPuLHSwNOZSbcA,Sushi Loca,10965 Lavender Hill Dr,Las Vegas,NV,36.14504941,-115.3328245,3,229,Food;Sushi Bars;,,,11:0-23:0,11:0-23:0,11:0-23:0,11:0-23:0,11:0-0:0,11:0-0:0,11:0-23:0
aiX_WP7NKPTdF9CfI-M-wg,Culinary Dropout,149 S Farmer,Tempe,AZ,33.428533,-111.943955,4,984,,,American (New);,11:0-23:0,11:0-23:0,11:0-23:0,11:0-1:0,11:0-1:0,10:0-1:0,10:0-22:0
y4giWpQy1TYYX7sZOk9NNg,Wendy's,15170 Bagley Rd,Cleveland,OH,41.3692706,-81.8045915,2,5,Burgers;Fast Food;,Fast Food;Restaurants;,,None,None,None,None,None,None,None
5_MrPFw9E0cMJ1Q0DJFZOQ,Tilted Kilt Pub & Eatery,"3545 Las Vegas Blvd, Unit L-26",Las Vegas,NV,36.11738432,-115.1703222,3,288,,Bars;Restaurants;,,11:0-0:0,11:0-0:0,11:0-0:0,11:0-0:0,9:0-1:0,9:0-1:0,9:0-1:0
KPsu_1Q9XYRKWs_ZBTtlTg,Sky Lounge,3745 S Las Vegas Blvd,Las Vegas,NV,36.1065949,-115.1709543,2.5,6,Pizza;,Bars;Lounges;Restaurants;,,None,None,None,None,None,None,None
ObV7olsEsNYjuMGNJ75jNw,Vaqueros Carne Asada,2602 W Southern Ave,Tempe,AZ,33.3931502,-111.9762132,3.5,17,,,Mexican;,None,None,None,None,None,None,None
tSbs8i_9Hlaommupjgn63Q,Panda Express,4416 E Bonanza Blvd,Las Vegas,NV,36.1739844,-115.0797206,3,14,Fast Food;,Fast Food;,Chinese;,9:30-22:30,9:30-22:30,9:30-22:30,9:30-22:30,9:30-22:30,9:30-22:30,9:30-22:30
f4bM7MaGtxiKZbPJFFPVPQ,Lick's,780 Kingston Road,Pickering,ON,43.8216947,-79.1117537,2,4,Burgers;,Restaurants;,,9:0-21:0,9:0-21:0,9:0-21:0,9:0-22:0,9:0-22:0,9:0-22:0,9:0-21:0
46-J3Ht5rxoJkXBzzoLEfA,Second Cup,895 Rue De La Gauchetiere E,Montréal,QC,45.499504,-73.566752,3,9,Coffee & Tea;,Coffee & Tea;,,None,None,None,None,None,None,None
ey1eAQldmOASEuCdFVmTPA,Dejeuners Obodum Bistro-Cafe Desserts,220 Ch Du Lac-Millette,Saint-Sauveur,QC,45.8909297,-74.1513269,3,13,,Restaurants;,French;,None,None,None,None,None,None,None
GyJv9dkd5nmpgSSJgDtsnQ,KFC,156 The Queensway,Etobicoke,ON,43.6302378,-79.4847082,2,6,Chicken Wings;,Restaurants;,,11:0-21:0,11:0-21:0,11:0-21:0,11:0-21:0,11:0-22:0,11:0-22:0,12:0-21:0
uaoP7yqMm15LRY4i8v8YFQ,Le Fouvrac,"1404, rue Fleury Est",Montréal,QC,45.56122,-73.657056,5,4,Coffee & Tea;Food;,Coffee & Tea;,,9:0-17:0,9:0-17:0,9:0-17:0,9:0-20:30,9:0-20:30,9:0-17:0,10:0-17:0
qVQGfHphxolps16v6g5X-g,Belfiore's Italian Ristorante,15842 N Cave Creek Rd,Phoenix,AZ,33.6308568,-112.0309244,3.5,67,Pizza;Food;,Restaurants;,Italian;,None,None,None,None,None,None,None
DDv2jmA0XYO5H40agMGfoQ,Cafe Merlin,Augustenstr. 72,Stuttgart,BW,48.7703,9.16108,4,6,Coffee & Tea;Food;,Coffee & Tea;Restaurants;Bars;Cafes;,,None,None,None,None,None,None,None
dTO0eEhgHnWt3glykO7J1Q,Kilo Café,5206 Boulevard Saint-Laurent,Montréal,QC,45.5239282,-73.5947936,3.5,6,Food;Sandwiches;Coffee & Tea;Desserts;,Coffee & Tea;Cafes;Restaurants;,,10:0-19:0,10:0-19:0,10:0-19:0,10:0-23:0,10:0-0:30,10:0-0:30,10:0-19:0
RFj91Y9mk2d824QyD9JTzA,Firehouse Subs,"1616 S Stapely Dr, Ste 101",Mesa,AZ,33.38483047,-111.8067551,3.5,33,Fast Food;Delis;Sandwiches;,Fast Food;,,10:0-21:0,10:0-21:0,10:0-21:0,10:0-21:0,10:0-22:0,10:0-22:0,10:0-21:0
wwEg_6bHfTrOpn_bygIQZg,Little Ceasars,"4388 E Craig Rd, Ste 135",Las Vegas,NV,36.24121646,-115.0779132,2,20,,Restaurants;,,None,None,None,None,None,None,None
2Ry7PhEAy7nDZyZCBYmJ2A,Wendy's,414 S Highway 27,Stanley,NC,35.3551972,-81.0919395,2,8,Burgers;,Restaurants;,,None,None,None,None,None,None,None
HLiaFj_YNGhsdwZS3VmXfw,Cougar Run Winery,363 Church St N,Concord,NC,35.4197799,-80.5903042,3.5,11,Food;,,,None,12:0-18:0,10:0-18:0,10:0-18:0,10:0-18:0,10:0-18:0,13:0-17:0
bu4hyEunQWhCrNDwpb1Nxw,McCarold's,5400 Chemin de la Côte-des-Neiges,Montréal,QC,45.4967856,-73.6236149,3.5,50,Burgers;Beer;Food;,Bars;,Irish;,11:30-3:0,11:30-3:0,11:30-3:0,11:30-3:0,11:30-3:0,11:30-3:0,11:30-1:0
riZF4Vy3yBQSs-WPBhsLbQ,Gigabites,618 Bloor Street W,Toronto,ON,43.6646463,-79.4139523,2.5,3,Food;,,,None,None,None,None,None,None,None
nEmEaEtnkFO7VW25e2ZDsQ,Downtown Deli,4 Temperance Street,Toronto,ON,43.6510992,-79.3791616,3.5,9,Burgers;,Restaurants;,,None,None,None,None,None,None,None
Q1cWYMaKaUw2MFY7_Szb4A,Country Stop Burgers,15101 Highway 48 RR 2,Whitchurch-Stouffville,ON,44.0339409,-79.2963659,4,5,Burgers;,,,None,None,None,None,None,None,None
E1WG9lbypCMKlKhAjzWRsQ,520 BBQ House,"3290 Midland Avenue, Unit 1",Toronto,ON,43.8064588,-79.2894695,3.5,6,Barbeque;,Barbeque;Restaurants;,,16:0-3:0,16:0-3:0,16:0-3:0,16:0-3:0,12:0-3:0,12:0-3:0,12:0-3:0
EUVST6G-b8koXTzcTt4pYQ,Nestor,6289 rue Saint-Hubert,Montréal,QC,45.535347,-73.6010145,3.5,8,,Bars;Cocktail Bars;,,15:0-3:0,15:0-3:0,15:0-3:0,15:0-3:0,15:0-3:0,15:0-3:0,15:0-3:0
a1DFzgQRYAmfA5o1fDVPEQ,Insomnia Cookies,18508 Detroit Ave,Lakewood,OH,41.4821578,-81.8271253,2.5,7,Desserts;Food;,,,9:0-3:0,9:0-3:0,9:0-3:0,9:0-3:0,9:0-3:0,11:0-3:0,11:0-3:0
Fbycyr3KEjDQ4wO9AStmvQ,Cafe Sam,5242 Baum Blvd,Pittsburgh,PA,40.456227,-79.940241,4,70,,,American (New);,11:30-22:0,11:30-22:0,11:30-23:0,11:30-23:0,11:30-0:0,17:0-0:0,17:0-22:0
EPKn6OQrMPs8zVladIZ6lQ,A&W,6411 Rue Saint-Hubert,Montréal,QC,45.5361943,-73.6027125,1,3,Burgers;,Breakfast & Brunch;Restaurants;,,0:0-0:0,0:0-0:0,0:0-0:0,0:0-0:0,0:0-0:0,0:0-0:0,0:0-0:0
aA9U8Jxfx68A_rZeLlkTWQ,Famous Laffa,6283 Yonge Street,Toronto,ON,43.7952816,-79.4193321,3.5,19,,Restaurants;,Middle Eastern;Mediterranean;,12:0-21:0,12:0-22:0,12:0-22:0,12:0-22:0,12:0-0:0,12:0-0:0,12:0-22:0
9gC44DSWlq2Zg0QzLGx4og,Billards Fellbach,Esslinger Str. 75,Fellbach,BW,48.81386,9.27058,4,7,,Cafes;Restaurants;Bars;,,None,None,None,None,None,None,None
LCb2moBNkcBto_32rmZJ5A,Echo Sushi,2036 Yonge Street,Toronto,ON,43.7012899,-79.3972257,4,147,Buffets;Sushi Bars;,,Japanese;,17:0-22:30,17:0-22:30,17:0-22:30,17:0-22:30,17:0-22:30,17:0-23:0,16:30-22:0
oIoq6WQbyRpPZClMkHQNlQ,Delicia's Latina's,,Las Vegas,NV,36.16000372,-115.118578,3,4,Food;,Restaurants;,Cuban;Mexican;,None,None,None,None,None,None,None
yg-wOyOPlH5ROpiweIJ2QQ,Big Bite Gourmet Burgers,1822 Whites Road,Pickering,ON,43.83067265,-79.12315541,4,7,Fast Food;Burgers;,Restaurants;Fast Food;,,None,None,None,None,None,None,None
eoHkKySohgtDqWtHBqJ9xw,Lucky China,180 S Stephanie St,Henderson,NV,36.0229458,-115.0465515,3,3,,,Chinese;,None,None,None,None,None,None,None
JKis0v-LqK_u0p4SVhJNDw,Herbie West End,7 William Street,Edinburgh,EDH,55.9496535,-3.2119004,4,5,Food;Coffee & Tea;Sandwiches;Delis;,Coffee & Tea;,,6:0-17:0,6:0-17:0,6:0-17:0,6:0-17:0,6:0-17:0,9:0-16:0,10:0-16:0
Q9zcPQit3OMWoNRLLK7MQg,Chick-fil-A,7000 E Mayo Blvd,Phoenix,AZ,33.65563,-111.927745,3.5,75,,Restaurants;,,6:30-22:0,6:30-22:0,6:30-22:0,6:30-22:0,6:30-22:0,6:30-22:0,None
88ntJxZNxRIY8W_hji9pzg,Szechwan Palace,2386 N Alma School Rd,Chandler,AZ,33.34019852,-111.8596878,3.5,86,,Restaurants;,Szechuan;,11:0-21:0,11:0-21:0,11:0-21:0,11:0-21:0,11:0-21:0,11:0-21:0,11:0-21:0
CaJ-9PN-W9g6sjyFbB8Kdg,Golden,"35 Golden Avenue, Suite 111",Toronto,ON,43.6533782,-79.4474416,4.5,9,,Cafes;,,8:0-17:0,8:0-17:0,8:0-17:0,8:0-17:0,8:0-17:0,None,None
8OjSgVD_tq6_S9eHGPERgw,Coffee Bean Cafe,15400 Hurontario Street,Inglewood,ON,43.8003901,-79.9156409,3.5,9,Coffee & Tea;Food;,Coffee & Tea;Breakfast & Brunch;Restaurants;,,6:0-15:0,6:0-15:0,6:0-15:0,6:0-15:0,6:0-15:0,7:0-15:0,8:0-15:0
4xwJkSxXwNEL4pIh2Q4soA,Cheese Emporium,479 Danforth Avenue,Toronto,ON,43.6779447,-79.349715,3,4,Food;Cheese Shops;,,,None,None,None,None,None,None,None
aoXfMlw7yh2q2s6t1iPDNw,Signature Bar,3475 S Las Vegas Blvd,Las Vegas,NV,36.1193098,-115.1717702,2,3,,Bars;,,0:0-0:0,0:0-0:0,0:0-0:0,0:0-0:0,0:0-0:0,0:0-0:0,0:0-0:0
8-ymYx-T2TGZ8n2p3ct-9w,Mecklenburg County Market,1515 Harding Pl,Charlotte,NC,35.2056115,-80.8378322,4.5,7,Food;,,,9:0-18:0,9:0-18:0,7:0-18:0,9:0-18:0,9:0-18:0,7:0-15:0,None
IDW4QFw-fN_wk81G9OV-Mg,Nothing But Noodles,1605 Elizabeth Ave,Charlotte,NC,35.213744,-80.8262381,4,75,Noodles;Fast Food;Salad;Food;Gluten-Free;Desserts;,Fast Food;,Asian Fusion;Chinese;American (Traditional);Italian;,11:0-20:0,11:0-20:0,11:0-20:0,11:0-20:0,11:0-21:0,11:0-21:0,11:0-14:0
rnu3iUdqqNwcQS5uSeZFTQ,Alberici's Delicatezza,"135 S Main St, Ste A",Oregon,WI,42.9256,-89.384996,4.5,3,,Restaurants;,Italian;,10:0-19:0,10:0-19:0,10:0-19:0,10:0-19:0,10:0-18:0,10:0-16:0,None
0UuE9LZE-oVZe1HfIhomBw,Gualdieri,2016 Boulevard René Laennec,Laval,QC,45.60871258,-73.71979728,4.5,5,,,Italian;,None,17:0-22:0,17:0-22:0,17:0-22:0,17:0-22:0,16:0-22:0,16:0-22:0
HexCnP_tQFgXH6QD9UlJWw,WinCo Foods,6101 N Decatur Blvd,Las Vegas,NV,36.26992879,-115.2082405,4,146,Food;,,,0:0-0:0,0:0-0:0,0:0-0:0,0:0-0:0,0:0-0:0,0:0-0:0,0:0-0:0
IaU1D197YBGko9CuKNi9gw,Subway,2-4 Shandwick Place,Edinburgh,EDH,55.950167,-3.2086251,3.5,5,Sandwiches;,Restaurants;,,None,None,None,None,None,None,None
j4jsgp-e315s11ehJfRzAA,The Carlton,500 Grant St,Pittsburgh,PA,40.4396782,-79.9959316,3.5,82,Seafood;,Restaurants;Steakhouses;Diners;,,11:0-22:0,11:0-22:0,11:0-22:0,11:0-22:0,11:0-23:0,17:0-23:0,None
SSCH4Z2gw-hh2KZy7aH4qw,Worth Takeaway,218 W Main St,Mesa,AZ,33.4154308,-111.8374321,5,336,Sandwiches;,Breakfast & Brunch;,American (New);American (Traditional);,8:0-21:0,8:0-21:0,8:0-21:0,8:0-21:0,8:0-21:0,8:0-21:0,8:0-16:0
Q_RpxG-YEMOk_yniWZfHCA,Bojangles' Famous Chicken 'n Biscuits,5525 E Independence Blvd,Charlotte,NC,35.184415,-80.7563629,3,3,Fast Food;Chicken Wings;,Fast Food;,,None,None,None,None,None,None,None
Rhkz_-xd4TiNOPLvIGKbcg,Fresh & Easy Neighborhood Market,6100 W Vegas Dr,Las Vegas,NV,36.188647,-115.2250839,4,4,Food;,,,None,None,None,None,None,None,None
OFw59czUoeeosFMKfRawmg,Gordon Biersch Brewery Restaurant,3987 Paradise Rd,Las Vegas,NV,36.1170027,-115.1552488,3.5,352,Food;,Breweries;Restaurants;,American (New);,11:0-23:0,11:0-23:0,11:0-23:0,11:0-23:0,11:0-0:0,11:0-0:0,11:0-23:0
QDjGBiTGHr1Nh2Bo8CzFyg,Kojax Souvlaki,3238 Boulevard Saint-Martin O,Laval,QC,45.55666941,-73.74766476,4.5,3,Fast Food;,Fast Food;,Greek;Mediterranean;,None,None,None,None,None,None,None
4kDLEb1OgE7IrO54lCkn3A,Cocina Economica,141 Berkeley Street,Toronto,ON,43.65492738,-79.36547489,4,117,,Restaurants;,Mexican;,12:0-22:0,12:0-22:0,12:0-22:0,12:0-22:0,12:0-23:0,12:0-23:0,12:0-21:0
Jd2NUZeVeyWi1tTNKXMt1Q,Sí Señor Restaurant,600 N Alma School Rd,Chandler,AZ,33.3136751,-111.8596581,4,398,,,Mexican;,10:30-21:0,10:30-21:0,10:30-21:0,10:30-21:0,10:30-21:0,10:30-21:0,10:30-20:0
SucJwTrxbA0ko8V0HddGzg,Thai Chef Cuisine,233 Roncesvalles Avenue,Toronto,ON,43.6461824,-79.4488725,3.5,31,,Restaurants;,,11:0-22:0,11:0-22:0,11:0-22:0,11:0-22:0,11:0-23:0,11:0-23:0,11:0-22:0
